CASEID,PSU,CASENO,CASENUMBER,CATEGORY,VEHNO,OCCNO,CHILDSEATNO,SEATLOC,CHILDMANUF,CHILDMAKE,CHILDMODEL,CHILDMODELNO,CHILDSEATYPE,CHILDDATEMAN,HOWUSED,DATASOURCE,ORIENTATION,HARNESSDESIGN,RETAINERCLIPDESIGN,TETHERDESIGN,LATCHDESIGN,HARNESSUSE,RETAINERCLIPUSE,TETHERUSE,LATCHUSE,BELTROUT,LOCKCLIPUSE,PLACEMENT,CHILDPOSITION,BELTRETYPE,LATCHPLATE,LATCHANCHOR,LATCHTETHER,CASEWGT,PSUSTRAT,VERSION
2401729,28,48,1-28-2024-048-06,6,1,4,1,21,12,19,5016,308153PQ,5,01/15/2012,3,2,2,2,0,1,1,1,0,1,3,0,0,1,1,3,1,1,1,46.0829401699488,3,9
2401729,28,48,1-28-2024-048-06,6,1,6,2,23,12,19,4030,39312408,4,10/17/2022,2,2,2,2,1,1,1,2,3,1,1,1,0,1,1,3,1,1,1,46.0829401699488,3,9
2401827,76,51,1-76-2024-051-03,3,3,3,1,21,98,98,9998,99999999,99,9999999999,9,5,9,9,9,9,9,9,9,9,9,9,9,9,9,9,9,9,9,71.5495535595937,3,9
2404221,57,113,1-57-2024-113-03,3,2,3,1,21,98,98,9998,99999999,99,9999999999,9,5,2,9,9,9,9,9,9,9,9,9,9,1,9,9,9,9,9,139.736179967937,1,9
2404074,79,84,1-79-2024-084-09,9,2,2,1,23,13,23,4011,99999999,4,9999999999,2,2,2,2,1,1,1,5,5,9,9,9,9,1,1,5,9,1,1,325.337766812006,8,9
2404262,60,62,1-60-2024-062-04,4,1,2,1,23,13,23,5041,1946242,5,12/02/2021,2,1,2,2,1,1,1,5,5,1,1,0,0,1,1,3,1,1,1,795.683244945331,8,9
2404270,20,109,1-20-2024-109-03,3,2,3,1,21,13,23,9998,2203483,2,9999999999,2,1,2,2,1,1,9,5,3,2,3,3,0,1,1,1,2,1,1,176.372469252349,11,9
2404270,20,109,1-20-2024-109-03,3,2,4,2,23,10,12,2014,CC254-FMB,2,9999999999,2,1,2,2,1,1,1,5,3,2,3,3,0,1,1,1,2,1,1,176.372469252349,11,9
2404274,81,104,1-81-2024-104-05,5,2,3,1,22,98,98,9998,99999999,99,9999999999,9,2,9,9,9,9,9,9,9,9,9,9,9,9,9,5,1,0,1,127.116650862835,8,9
2404286,10,79,1-10-2024-079-04,4,2,2,1,23,98,98,9998,99999999,99,9999999999,9,1,1,9,9,9,9,9,9,9,9,9,9,1,9,5,1,9,9,353.526720994783,4,9
2404303,73,117,1-73-2024-117-03,3,1,2,1,21,98,98,9998,99999999,99,9999999999,9,1,9,9,9,9,9,9,9,9,9,9,9,9,9,5,1,1,1,111.013202420727,3,9
2404303,73,117,1-73-2024-117-03,3,1,3,2,23,98,98,9998,99999999,99,9999999999,9,1,9,9,9,9,9,9,9,9,9,9,9,9,9,5,1,1,1,111.013202420727,3,9
2401827,76,51,1-76-2024-051-03,3,3,4,2,23,98,98,9998,99999999,99,9999999999,9,5,9,9,9,9,9,9,9,9,9,9,9,9,9,9,9,9,9,71.5495535595937,3,9
2401827,76,51,1-76-2024-051-03,3,3,5,3,99,98,98,9998,99999999,99,9999999999,9,5,9,9,9,9,9,9,9,9,9,9,9,9,9,9,9,9,9,71.5495535595937,3,9
2401827,76,51,1-76-2024-051-03,3,3,6,4,99,98,98,9998,99999999,99,9999999999,9,5,9,9,9,9,9,9,9,9,9,9,9,9,9,9,9,9,9,71.5495535595937,3,9
2401852,15,74,1-15-2024-074-03,3,2,2,1,22,13,98,9998,99999999,1,9999999999,1,2,1,9,9,9,9,5,9,9,9,9,9,1,1,9,9,9,9,17.7674654778176,1,9
2401857,26,49,1-26-2024-049-05,5,1,2,1,21,13,23,5036,2142528,5,09/27/2021,9,1,9,9,9,9,9,9,9,9,9,9,9,1,9,5,1,1,1,35.9401339092254,10,9
2401854,66,43,1-66-2024-043-10,10,2,2,1,23,13,23,1034,2163529,1,09/23/2022,1,3,1,2,1,0,1,3,3,0,1,1,0,1,1,4,1,1,1,242.389498710963,6,9
2401873,62,49,1-62-2024-049-02,2,2,3,1,21,13,23,6031,1874739,6,04/17/2020,3,3,2,0,0,0,0,0,0,0,0,0,0,1,1,5,1,1,1,40.5230025519482,7,9
2401873,62,49,1-62-2024-049-02,2,2,5,2,31,13,23,6031,2051446,6,07/18/2020,3,3,2,0,0,0,0,0,0,0,0,0,0,1,1,5,1,1,1,40.5230025519482,7,9
2401943,16,55,1-16-2024-055-02,2,2,3,1,21,98,98,9998,99999999,99,9999999999,9,5,2,9,9,9,9,9,9,9,9,9,9,1,9,9,1,1,1,15.1092509057653,5,9
2405074,16,123,1-16-2024-123-NM1,21,1,3,1,23,98,98,9998,99999999,99,9999999999,9,5,9,9,9,9,9,9,9,9,9,9,9,9,9,1,1,1,1,43.3211199928482,5,9
2405074,16,123,1-16-2024-123-NM1,21,1,2,2,21,98,98,9998,99999999,99,9999999999,9,5,9,9,9,9,9,9,9,9,9,9,9,9,9,1,1,1,1,43.3211199928482,5,9
2405086,66,99,1-66-2024-099-06,6,2,3,1,23,12,19,5019,24912203,5,04/09/2019,3,3,2,0,0,0,0,0,0,0,0,0,0,1,1,5,1,1,1,172.523827899835,6,9
2405115,21,120,1-21-2024-120-05,5,2,4,1,22,98,98,9998,99999999,99,9999999999,9,2,2,9,9,9,9,5,9,9,9,3,9,1,9,5,1,9,9,22.3979516230092,11,9
2405180,20,123,1-20-2024-123-03,3,2,2,1,23,6,6,1009,00 079632 920 070,1,10/01/2022,1,3,1,2,1,0,1,2,3,0,1,0,0,1,2,5,1,1,1,77.3409617195656,11,9
2405186,54,114,1-54-2024-114-07,7,1,3,1,21,98,98,9998,99999999,99,9999999999,9,5,1,9,9,9,9,9,9,9,9,9,9,9,9,9,1,1,1,465.079513300846,9,9
2405186,54,114,1-54-2024-114-07,7,2,3,1,21,98,98,9998,99999999,99,9999999999,9,5,2,9,9,9,9,9,9,9,9,9,9,1,1,9,1,1,1,465.079513300846,9,9
2405190,69,127,1-69-2024-127-04,4,1,2,1,23,42,65,4029,2049119,4,03/30/2018,2,3,2,2,1,1,1,2,3,2,1,2,1,1,1,2,1,1,0,308.98971131769,8,9
2405220,66,102,1-66-2024-102-04,4,1,2,1,23,98,98,9998,99999999,99,9999999999,9,5,2,9,9,9,9,9,9,9,9,9,9,1,9,4,1,1,1,137.356870033823,6,9
2401976,32,73,1-32-2024-073-09,9,2,2,1,23,4,4,9998,99999999,1,9999999999,1,2,1,2,1,9,9,5,3,1,3,9,9,1,2,3,1,1,1,3147.76349296009,7,9
2401978,26,51,1-26-2024-051-02,2,1,2,1,23,98,98,9998,99999999,99,9999999999,9,5,9,9,9,9,9,9,9,9,9,9,9,9,9,9,1,1,9,21.1529220587709,10,9
2401997,24,48,1-24-2024-048-03,3,1,2,1,23,98,98,9998,99999999,99,9999999999,9,1,9,9,9,9,9,9,9,9,9,9,9,9,9,9,1,1,1,32.3570562743358,1,9
2400960,57,19,1-57-2024-019-NM1,21,1,2,1,23,98,98,9998,99999999,99,9999999999,9,5,2,9,9,9,9,9,9,9,9,9,9,9,9,9,9,9,9,15.0398443849994,1,9
2402029,62,50,1-62-2024-050-05,5,1,2,1,21,98,98,9998,99999999,99,9999999999,9,5,2,9,9,9,9,9,9,9,1,9,9,9,9,5,1,1,1,183.403138311325,7,9
2406042,30,204,1-30-2024-204-09,9,1,3,1,21,2,2,9998,99999999,1,9999999999,1,1,9,9,9,9,9,9,9,9,9,9,9,9,9,9,1,1,1,11034.5007758715,10,9
2406036,48,194,1-48-2024-194-02,2,3,3,1,21,98,98,9998,99999999,99,9999999999,9,1,2,9,9,9,9,9,9,9,9,9,9,9,9,3,1,1,9,74.210049573419,12,9
2406038,48,196,1-48-2024-196-04,4,1,2,1,22,13,98,9998,99999999,2,9999999999,1,2,1,2,1,1,1,5,3,1,1,4,0,1,2,2,1,1,1,256.245639765987,12,9
2406119,62,181,1-62-2024-181-02,2,3,2,1,21,13,23,5026,1766778,5,12/09/2013,2,1,2,2,1,1,1,9,9,9,9,9,9,1,9,9,1,1,0,143.712548638116,7,9
2406119,62,181,1-62-2024-181-02,2,3,3,2,23,98,98,9998,99999999,99,9999999999,9,5,9,9,9,9,9,9,9,9,9,9,9,1,9,9,1,1,0,143.712548638116,7,9
2406134,14,125,1-14-2024-125-04,4,1,2,1,23,13,23,6031,2184500,6,06/03/2024,3,3,2,0,0,0,0,0,0,0,0,0,0,1,1,9,1,9,9,347.585660015654,8,9
2406135,14,126,1-14-2024-126-04,4,2,4,1,23,98,98,9998,99999999,99,9999999999,9,5,2,9,9,9,9,9,9,9,9,9,9,9,9,5,1,1,1,347.585660015654,8,9
2406135,14,126,1-14-2024-126-04,4,2,3,2,21,98,98,9998,99999999,99,9999999999,9,5,2,9,9,9,9,9,9,9,9,9,9,9,9,5,1,1,1,347.585660015654,8,9
2402018,59,65,1-59-2024-065-04,4,2,2,1,21,13,23,9998,99999999,2,9999999999,1,2,1,2,1,1,1,8,3,1,3,4,9,1,2,4,1,9,9,305.300892260132,6,9
2402018,59,65,1-59-2024-065-04,4,2,3,2,23,10,16,9998,99999999,99,9999999999,2,2,2,2,1,1,1,8,1,1,3,3,9,1,1,4,1,9,9,305.300892260132,6,9
2402040,73,63,1-73-2024-063-03,3,1,2,1,23,98,98,9998,99999999,99,9999999999,9,5,9,9,9,9,9,9,9,9,9,9,9,9,9,9,9,9,9,23.5881329232141,3,9
2402026,18,70,1-18-2024-070-06,6,2,2,1,23,98,98,9998,99999999,99,9999999999,9,5,1,9,9,9,9,9,9,9,9,9,9,9,9,9,9,9,9,241.447305056267,6,9
2402060,19,29,1-19-2024-029-05,5,2,4,1,23,13,98,9998,99999999,2,9999999999,2,2,2,2,1,0,0,2,2,0,0,3,0,1,1,4,1,1,1,98.7930647556001,9,9
2402074,66,48,1-66-2024-048-03,3,1,2,1,23,12,18,2061,99999999,2,9999999999,9,5,2,9,9,9,9,5,3,2,9,9,9,1,9,9,9,1,1,79.4686416678806,6,9
2402076,66,50,1-66-2024-050-04,4,2,3,1,23,41,64,6058,99999999,6,9999999999,3,2,2,0,0,0,0,0,0,0,0,0,0,1,1,9,1,1,9,114.973892842,6,9
2402104,52,30,1-52-2024-030-06,6,1,2,1,21,98,98,9998,99999999,99,9999999999,9,2,2,9,9,9,9,2,3,1,3,3,0,1,1,4,1,1,1,56.6465719357727,12,9
2402104,52,30,1-52-2024-030-06,6,1,3,2,23,98,98,9998,99999999,99,9999999999,9,5,2,9,9,9,9,4,3,1,3,3,0,1,1,5,1,1,1,56.6465719357727,12,9
2402167,48,71,1-48-2024-071-07,7,1,2,1,21,13,23,4011,1948314,4,03/25/2020,2,2,2,2,1,1,1,2,3,1,1,3,9,1,1,1,0,1,1,463.276379422285,12,9
2402181,69,42,1-69-2024-042-03,3,3,3,1,23,98,98,9998,99999999,99,9999999999,9,5,9,9,9,9,9,9,9,9,9,9,9,9,9,9,1,1,1,50.4787572129909,8,9
2402236,11,56,1-11-2024-056-03,3,2,3,1,21,98,98,9998,99999999,99,9999999999,9,5,9,9,9,9,9,9,9,9,9,9,9,1,9,9,9,9,9,89.3897343071386,8,9
2402236,11,56,1-11-2024-056-03,3,2,2,2,23,98,98,9998,99999999,99,9999999999,9,5,9,9,9,9,9,9,9,9,9,9,9,1,9,9,9,9,9,89.3897343071386,8,9
2402295,62,58,1-62-2024-058-03,3,1,3,1,21,10,16,4008,CC169-DDL,4,05/21/2015,1,1,1,2,1,0,1,4,9,0,3,9,0,1,9,5,1,1,1,418.15320145516,7,9
2402296,62,59,1-62-2024-059-03,3,1,2,1,21,98,98,9998,99999999,99,9999999999,9,5,2,9,9,9,9,9,9,9,9,9,9,9,9,5,1,1,1,418.153201529593,7,9
2402296,62,59,1-62-2024-059-03,3,1,3,2,23,98,98,9998,99999999,99,9999999999,9,5,2,9,9,9,9,9,9,9,9,9,9,9,9,5,1,1,1,418.153201529593,7,9
2402351,32,82,1-32-2024-082-02,2,1,2,1,21,4,4,5042,E1C192X,5,11/11/2022,2,1,2,2,1,1,1,9,9,9,9,9,9,1,1,4,1,1,1,8.40925917720626,7,9
2402354,32,85,1-32-2024-085-02,2,2,4,1,22,98,98,9998,99999999,99,9999999999,9,5,2,9,9,9,9,9,9,9,9,9,9,9,9,9,9,9,9,8.40925917459616,7,9
2402354,32,85,1-32-2024-085-02,2,2,5,2,23,98,98,9998,99999999,99,9999999999,9,5,2,9,9,9,9,9,9,9,9,9,9,9,9,9,9,9,9,8.40925917459616,7,9
2402362,11,63,1-11-2024-063-03,3,1,2,1,23,98,98,9998,99999999,99,9999999999,9,1,9,9,9,9,9,9,9,9,9,9,9,9,9,1,1,1,1,121.430533867844,8,9
2402320,69,44,1-69-2024-044-02,2,3,2,1,22,13,23,6031,2186531,6,07/24/2023,3,2,2,0,0,0,0,0,0,0,0,0,0,1,1,9,9,1,9,7.30201599951961,8,9
2405450,60,88,1-60-2024-088-03,3,1,2,1,21,98,98,9998,99999999,99,9999999999,9,5,9,9,9,9,9,9,9,9,9,9,9,9,9,2,1,1,1,208.696614573817,8,9
2405450,60,88,1-60-2024-088-03,3,1,3,2,22,98,98,9998,99999999,99,9999999999,9,5,9,9,9,9,9,9,9,9,9,9,9,9,9,2,1,1,1,208.696614573817,8,9
2405467,25,147,1-25-2024-147-07,7,1,2,1,21,10,12,4002,CC319-GZD2,4,05/09/2024,1,2,1,2,1,0,1,3,1,0,3,9,9,1,9,5,1,1,1,260.798216622001,2,9
2405478,28,169,1-28-2024-169-06,6,1,2,1,23,13,23,9998,99999999,5,9999999999,3,2,2,0,1,9,1,0,1,1,3,0,0,1,1,3,1,0,0,229.009376117751,3,9
2405443,17,179,1-17-2024-179-03,3,2,3,1,23,13,23,2054,2104095,2,08/12/2022,1,1,1,2,1,0,1,2,3,0,1,1,0,1,1,2,1,1,1,82.6986545849291,4,9
2405504,21,133,1-21-2024-133-06,6,2,2,1,21,98,98,9998,99999999,99,9999999999,9,2,1,9,9,9,9,5,3,0,3,9,9,1,9,9,9,9,9,406.575940541337,11,9
2405525,10,111,1-10-2024-111-05,5,2,2,1,23,98,98,9998,99999999,99,9999999999,9,5,2,9,9,9,9,9,9,9,9,9,9,9,9,9,9,9,9,31.3260888817298,4,9
2405532,67,50,1-67-2024-050-05,5,1,2,1,23,98,98,9998,99999999,99,9999999999,9,1,9,9,9,9,9,9,9,9,9,9,9,9,9,5,1,1,1,83.5824445569787,7,9
2405535,54,120,1-54-2024-120-04,4,1,2,1,23,13,23,2054,1963212,2,04/18/2024,1,2,1,2,1,0,1,4,3,0,1,4,1,1,2,3,1,1,1,152.997399597271,9,9
2402320,69,44,1-69-2024-044-02,2,3,3,2,23,13,23,6031,2184870,6,10/26/2023,3,2,2,0,0,0,0,0,0,0,0,0,0,1,1,9,9,9,9,7.30201599951961,8,9
2402422,10,32,1-10-2024-032-06,6,2,3,1,21,13,23,4015,2100787,4,12/16/2021,2,1,2,2,1,1,1,2,9,9,9,9,9,1,9,5,1,1,9,1334.47901781282,4,9
2402455,20,72,1-20-2024-072-05,5,2,3,1,21,98,98,9998,99999999,99,9999999999,9,2,9,9,9,9,9,9,9,9,9,9,9,9,9,5,1,1,1,19.9171728154044,11,9
2402497,27,80,1-27-2024-080-04,4,2,2,1,23,6,6,1009,99999999,1,9999999999,1,2,1,2,1,0,1,3,3,0,1,1,0,1,1,3,1,1,1,35.25547423971,3,9
2402539,16,75,1-16-2024-075-03,3,1,4,1,23,13,23,5036,2142528,5,04/14/2023,2,1,2,2,1,1,1,9,9,2,1,0,0,1,9,1,1,1,1,219.428438294404,5,9
2402563,54,66,1-54-2024-066-07,7,2,2,1,21,6,6,6060,00 079627 120 070,6,11/20/2022,3,3,2,0,0,0,1,0,0,0,1,0,0,1,1,3,0,1,1,163.639088013261,9,9
2402551,62,67,1-62-2024-067-03,3,1,2,1,21,98,98,9998,99999999,99,01/25/2013,9,3,2,9,9,9,9,0,0,0,0,0,0,1,1,3,1,1,1,324.669436337887,7,9
2402581,23,38,1-23-2024-038-05,5,1,2,1,21,98,98,9998,99999999,99,9999999999,9,5,9,9,9,9,9,9,9,9,9,9,9,9,9,9,9,9,9,90.2911220733979,5,9
2402581,23,38,1-23-2024-038-05,5,1,3,2,23,98,98,9998,99999999,99,9999999999,9,5,9,9,9,9,9,9,9,9,9,9,9,9,9,9,9,9,9,90.2911220733979,5,9
2402590,33,43,1-33-2024-043-05,5,1,2,1,21,98,98,9998,99999999,99,9999999999,9,5,2,9,9,9,9,0,0,0,0,0,0,9,9,3,1,1,1,25.3427821602115,12,9
2402604,48,85,1-48-2024-085-07,7,1,2,1,22,98,98,9998,99999999,99,9999999999,9,1,2,9,9,9,9,9,9,9,9,9,9,1,9,5,1,0,1,381.022517786952,12,9
2402566,79,55,1-79-2024-055-03,3,1,4,1,31,13,23,9998,99999999,6,9999999999,3,4,2,9,9,9,9,9,9,9,9,0,9,1,9,9,9,9,9,104.756877618907,8,9
2402605,17,83,1-17-2024-083-06,6,2,2,1,21,98,98,9998,99999999,99,9999999999,9,2,1,9,9,9,9,4,3,1,1,1,9,1,2,1,1,1,1,73.4743141718764,4,9
2402639,82,64,1-82-2024-064-03,3,1,2,1,23,98,98,9998,99999999,99,9999999999,9,5,9,9,9,9,9,9,9,9,9,9,9,9,9,5,1,1,1,140.978923511683,1,9
2402720,60,30,1-60-2024-030-01,1,1,3,1,23,98,98,9998,99999999,99,9999999999,9,5,9,9,9,9,9,9,9,9,9,9,9,1,9,9,9,9,9,101.909134009317,8,9
2402718,25,66,1-25-2024-066-02,2,2,2,1,21,13,23,6031,2184870,6,09/21/2023,3,3,2,0,0,0,0,0,0,0,0,0,0,1,1,3,1,1,1,37.9757314185607,2,9
2402718,25,66,1-25-2024-066-02,2,2,4,2,23,12,19,4030,99999999,4,02/05/2024,2,3,2,2,1,1,1,4,5,2,1,1,0,1,1,3,1,1,1,37.9757314185607,2,9
2402706,30,96,1-30-2024-096-02,2,3,2,1,23,98,98,9998,99999999,99,9999999999,9,5,9,9,9,9,9,9,9,9,9,9,9,9,9,5,1,1,1,41.0620689400047,10,9
2402803,54,74,1-54-2024-074-10,10,2,3,1,21,13,23,1034,2102361,1,05/12/2021,1,3,1,2,1,0,1,3,3,0,3,4,0,1,2,5,1,1,1,743.516509378865,9,9
2402803,54,74,1-54-2024-074-10,10,2,4,2,23,9,10,6059,31212-NA-01,6,09/26/2021,3,3,2,0,0,9,1,0,0,1,3,0,0,1,1,5,1,1,1,743.516509378865,9,9
2402829,20,80,1-20-2024-080-03,3,2,4,1,21,13,23,5036,99999999,5,9999999999,3,2,2,0,0,1,1,0,0,1,1,0,1,1,1,5,1,1,1,81.8606256970461,11,9
2402829,20,80,1-20-2024-080-03,3,2,3,2,23,13,23,5036,2070707,5,11/03/2020,2,3,2,2,1,1,1,3,3,2,1,0,0,1,1,5,1,1,1,81.8606256970461,11,9
2402837,62,77,1-62-2024-077-01,1,2,2,1,23,98,98,9998,99999999,99,9999999999,9,5,2,9,9,9,9,9,9,9,9,9,9,1,9,9,9,9,9,220.699841494875,7,9
2402840,24,78,1-24-2024-078-03,3,1,3,1,23,98,98,9998,99999999,99,9999999999,9,5,1,9,9,9,9,9,9,9,9,9,9,1,9,9,9,1,9,61.4084153169314,1,9
2405214,23,45,1-23-2024-045-02,2,2,3,1,21,13,23,5026,2035304,5,11/09/2017,2,1,2,2,1,1,1,0,0,0,0,9,0,1,1,4,1,1,0,87.6936737284278,5,9
2405214,23,45,1-23-2024-045-02,2,2,4,2,23,13,23,4011,1906081,4,09/23/2014,2,1,2,2,1,1,1,0,0,0,0,9,0,1,1,4,1,1,0,87.6936737284278,5,9
2405249,31,112,1-31-2024-112-10,10,1,3,1,21,98,98,9998,99999999,99,9999999999,9,5,9,9,9,9,9,9,9,9,9,9,9,1,9,3,1,1,0,419.593794787767,6,9
2405252,29,88,1-29-2024-088-03,3,3,3,1,23,98,98,9998,99999999,99,9999999999,9,5,9,9,9,9,9,9,9,9,9,9,9,9,9,9,9,9,9,148.249072371412,2,9
2405268,62,156,1-62-2024-156-06,6,2,3,1,22,98,98,9998,99999999,99,9999999999,9,5,2,9,9,9,9,9,9,9,9,9,9,1,9,9,9,1,1,1435.74294690315,7,9
2405268,62,156,1-62-2024-156-06,6,2,4,2,23,98,98,9998,99999999,99,9999999999,9,5,2,9,9,9,9,9,9,9,9,9,9,1,9,9,9,1,1,1435.74294690315,7,9
2405269,62,157,1-62-2024-157-04,4,2,2,1,22,98,98,9998,99999999,99,9999999999,9,5,9,9,9,9,9,9,9,9,9,9,9,1,9,5,1,1,1,1438.83646958712,7,9
2405373,82,154,1-82-2024-154-03,3,2,3,1,21,98,98,9998,99999999,99,9999999999,9,5,9,9,9,9,9,9,9,9,9,9,9,9,9,9,9,9,9,106.689933259017,1,9
2405373,82,154,1-82-2024-154-03,3,2,4,2,23,98,98,9998,99999999,99,9999999999,9,5,9,9,9,9,9,9,9,9,9,9,9,9,9,9,9,9,9,106.689933259017,1,9
2404410,48,145,1-48-2024-145-09,9,1,4,3,32,98,98,9998,99999999,99,9999999999,9,5,9,9,9,9,9,9,9,9,9,9,9,9,9,9,9,0,0,144.242810569893,12,9
2404428,69,100,1-69-2024-100-09,9,2,3,1,21,10,16,4014,CC150-EVS,4,03/08/2024,1,3,1,2,1,0,1,3,9,0,3,9,9,1,9,9,1,1,1,781.066153737877,8,9
2404428,69,100,1-69-2024-100-09,9,2,4,2,22,98,98,9998,99999999,99,9999999999,9,2,2,9,9,9,9,9,9,9,9,9,9,1,1,9,1,1,1,781.066153737877,8,9
2404437,17,144,1-17-2024-144-04,4,2,3,1,21,10,16,4008,CC398-GYU,4,02/09/2024,1,3,1,2,1,0,1,2,3,0,3,4,0,1,1,3,1,1,1,259.044709221254,4,9
2404458,16,115,1-16-2024-115-02,2,1,3,1,21,98,98,9998,99999999,99,9999999999,9,5,9,9,9,9,9,0,0,0,0,9,0,9,9,1,1,1,1,35.8384991974306,5,9
2404458,16,115,1-16-2024-115-02,2,1,4,2,22,98,98,9998,99999999,99,9999999999,9,5,9,9,9,9,9,9,9,9,9,9,9,9,9,1,1,1,1,35.8384991974306,5,9
2404458,16,115,1-16-2024-115-02,2,1,5,3,23,98,98,9998,99999999,99,9999999999,9,5,9,9,9,9,9,0,0,0,0,9,0,9,9,1,1,1,1,35.8384991974306,5,9
2404490,21,98,1-21-2024-098-03,3,2,2,1,21,13,23,4011,1906082,4,10/25/2018,3,3,2,0,0,0,0,0,0,0,0,0,0,1,1,5,1,1,1,474.943084168885,11,9
2404483,82,122,1-82-2024-122-03,3,2,2,1,22,98,98,9998,99999999,99,9999999999,9,5,9,9,9,9,9,9,9,9,9,9,9,9,9,9,9,9,9,166.73577046287,1,9
2402858,76,74,1-76-2024-074-03,3,1,3,1,23,13,23,4011,2072089,4,12/05/2022,1,1,1,2,1,0,1,9,9,0,1,1,9,1,9,1,1,1,1,71.5495535595937,3,9
2402871,28,86,1-28-2024-086-06,6,1,2,1,21,98,98,9998,99999999,99,9999999999,9,2,2,9,9,9,9,0,0,0,0,0,0,1,1,3,1,1,1,47.2101277154018,3,9
2402876,48,94,1-48-2024-094-10,10,2,3,1,22,98,98,9998,99999999,99,9999999999,9,5,9,9,9,9,9,9,9,9,9,9,9,9,9,9,9,9,9,187.854526060285,12,9
2402875,27,93,1-27-2024-093-06,6,2,2,1,22,98,98,9998,99999999,99,9999999999,9,5,9,9,9,9,9,9,9,9,9,9,9,1,9,5,1,0,1,54.3276867228202,3,9
2402901,12,47,1-12-2024-047-02,2,1,3,1,23,10,16,4008,CC321-Gyu,4,04/17/2023,2,3,2,2,1,1,1,3,3,1,3,3,0,1,1,4,1,1,1,228.584675358371,9,9
2402901,12,47,1-12-2024-047-02,2,1,2,2,21,12,19,4021,39312340,4,10/01/2021,2,3,2,2,1,1,1,3,3,1,3,3,0,1,1,4,1,1,1,228.584675358371,9,9
2402809,18,85,1-18-2024-085-06,6,1,2,1,22,6,6,4026,0507964524007,4,07/01/2022,9,1,9,9,9,9,9,9,9,9,9,9,9,9,9,5,1,1,1,458.423668559883,6,9
2402809,18,85,1-18-2024-085-06,6,1,3,2,23,6,6,4026,05079645240070,4,02/01/2021,9,1,2,9,9,9,9,9,9,2,9,9,9,9,9,5,1,1,1,458.423668559883,6,9
2402922,54,78,1-54-2024-078-05,5,2,2,1,22,12,19,4025,35312337,4,09/24/2022,2,3,2,2,1,1,1,5,3,1,3,9,9,1,1,3,1,1,1,144.976226836895,9,9
2402916,59,93,1-59-2024-093-04,4,1,2,1,21,10,16,4008,cc138-dwkl,4,02/17/2018,2,3,2,2,1,1,1,2,5,1,3,3,0,1,1,4,1,1,1,187.064544442781,6,9
2402916,59,93,1-59-2024-093-04,4,1,3,2,23,10,12,2013,cc147-dfl,2,08/17/2017,1,3,1,2,1,0,1,3,5,0,3,4,0,1,2,4,1,1,1,187.064544442781,6,9
2402968,20,83,1-20-2024-083-09,9,1,3,1,21,98,98,9998,99999999,99,9999999999,9,2,2,9,9,9,9,0,0,0,1,0,0,1,1,3,1,1,1,339.011405965121,11,9
2402965,77,101,1-77-2024-101-07,7,1,3,1,23,98,98,9998,99999999,99,9999999999,9,5,9,9,9,9,9,9,9,9,9,9,9,9,9,9,9,9,9,3871.41446442028,9,9
2402984,25,73,1-25-2024-073-03,3,2,3,1,23,98,98,9998,99999999,99,9999999999,9,2,2,9,9,9,9,0,0,1,3,2,0,1,1,3,1,1,1,202.836436941567,2,9
2402981,16,88,1-16-2024-088-06,6,1,2,1,23,98,98,9998,99999999,99,9999999999,9,5,2,9,9,9,9,9,9,9,9,9,9,1,9,1,1,1,1,423.092773126644,5,9
2402981,16,88,1-16-2024-088-06,6,1,3,2,21,98,98,9998,99999999,99,9999999999,9,5,2,9,9,9,9,9,9,9,9,9,9,1,9,1,1,1,1,423.092773126644,5,9
2403000,28,92,1-28-2024-092-09,9,1,3,1,23,10,16,9998,99999999,5,9999999999,2,2,2,2,1,1,1,5,5,2,1,3,0,1,1,5,1,1,1,100.516200999149,3,9
2403019,21,62,1-21-2024-062-03,3,1,5,1,23,98,98,9998,99999999,99,9999999999,9,2,2,9,9,9,9,0,0,0,0,2,0,1,1,9,9,9,9,905.228768898305,11,9
2403019,21,62,1-21-2024-062-03,3,1,4,2,22,98,98,9998,99999999,99,9999999999,9,2,2,9,9,9,9,0,0,0,0,0,0,1,1,9,9,9,9,905.228768898305,11,9
2405415,19,75,1-19-2024-075-05,5,1,2,1,22,98,98,9998,99999999,99,9999999999,9,5,9,9,9,9,9,9,9,9,9,9,9,9,9,2,1,1,1,57.9800660258747,9,9
2405404,18,131,1-18-2024-131-05,5,2,2,1,21,13,23,4011,2074900,4,04/05/2021,2,1,2,2,1,1,1,5,5,1,1,9,9,1,9,9,1,1,1,50.9427492020977,6,9
2405404,18,131,1-18-2024-131-05,5,2,3,2,23,13,23,4011,1943812,4,07/17/2017,3,1,2,0,0,0,0,0,0,0,0,0,0,1,9,4,1,1,1,50.9427492020977,6,9
2405404,18,131,1-18-2024-131-05,5,3,3,1,23,13,23,2054,1992118,2,05/29/2020,2,1,2,2,1,1,1,2,5,1,1,3,9,1,9,4,1,1,1,50.9427492020977,6,9
2405423,12,103,1-12-2024-103-06,6,2,3,1,21,12,19,4021,39312340,4,01/20/2023,2,1,2,2,1,1,1,3,3,1,3,3,0,1,1,5,1,1,1,284.683242233932,9,9
2405423,12,103,1-12-2024-103-06,6,2,4,2,23,12,19,4021,39212241,4,05/07/2021,2,1,2,2,1,1,1,3,5,1,3,3,0,1,1,5,1,1,1,284.683242233932,9,9
2405440,82,159,1-82-2024-159-06,6,1,3,1,21,98,98,9998,99999999,99,9999999999,9,5,2,9,9,9,9,9,9,9,9,9,9,9,9,9,9,9,9,466.08220512632,1,9
2405418,79,103,1-79-2024-103-04,4,1,3,1,23,98,98,9998,99999999,99,9999999999,9,2,9,9,9,9,9,9,9,9,9,9,9,1,1,9,9,1,1,103.687310341295,8,9
2402936,19,38,1-19-2024-038-04,4,2,4,1,23,13,23,4011,2074607,4,07/02/2021,2,3,2,2,1,1,1,2,3,2,1,0,0,1,1,1,1,1,1,248.799467698468,9,9
2403034,81,66,1-81-2024-066-04,4,1,2,1,21,13,23,4011,99999999,4,9999999999,2,2,2,2,1,1,1,2,9,2,3,3,4,1,1,5,1,1,1,1249.39843016576,8,9
2403034,81,66,1-81-2024-066-04,4,1,3,2,23,13,23,4011,99999999,4,9999999999,2,2,2,2,1,1,1,2,9,2,3,3,4,1,1,5,1,1,1,1249.39843016576,8,9
2403053,48,102,1-48-2024-102-05,5,1,2,1,21,13,23,2054,2190666,2,01/04/2023,2,1,2,2,1,1,1,2,9,2,1,1,0,1,1,3,1,1,1,80.9035530796695,12,9
2403053,48,102,1-48-2024-102-05,5,1,3,2,22,13,23,2054,2190666,2,01/29/2024,2,1,2,2,1,1,1,2,9,2,1,1,0,1,9,3,1,1,1,80.9035530796695,12,9
2403174,77,109,1-77-2024-109-05,5,1,2,1,21,6,6,2051,06079852950070,2,11/01/2021,9,1,9,9,9,9,9,2,9,9,9,9,0,1,9,5,5,1,1,90.6570748528622,9,9
2403187,57,75,1-57-2024-075-06,6,1,3,1,21,98,98,9998,99999999,99,9999999999,9,5,9,9,9,9,9,9,9,9,9,9,9,9,9,9,9,9,9,905.054041952401,1,9
2403187,57,75,1-57-2024-075-06,6,1,4,2,23,98,98,9998,99999999,99,9999999999,9,5,9,9,9,9,9,9,9,9,9,9,9,9,9,9,9,9,9,905.054041952401,1,9
2403187,57,75,1-57-2024-075-06,6,2,2,1,23,98,98,9998,99999999,99,9999999999,9,5,2,9,9,9,9,9,9,9,9,9,9,1,9,5,1,1,1,905.054041952401,1,9
2403209,11,91,1-11-2024-091-05,5,1,2,1,21,13,98,9998,99999999,99,07/14/2021,3,2,2,9,9,9,9,1,1,1,1,0,0,1,1,9,9,1,1,31.8812723055547,8,9
2403209,11,91,1-11-2024-091-05,5,1,3,2,23,9,98,9998,99999999,99,09/26/2022,3,2,2,9,9,9,9,1,1,1,1,0,0,1,1,9,9,1,1,31.8812723055547,8,9
2406254,33,110,1-33-2024-110-04,4,2,3,1,22,13,23,2054,99999999,2,9999999999,1,2,1,2,1,0,1,5,5,0,3,4,0,1,2,3,1,0,0,330.088144283669,12,9
2406262,20,148,1-20-2024-148-03,3,1,4,1,22,98,98,9998,99999999,99,9999999999,9,5,2,9,9,9,9,9,9,9,9,9,9,1,9,0,2,0,0,117.724388691886,11,9
2406262,20,148,1-20-2024-148-03,3,2,4,1,23,98,98,9998,99999999,99,9999999999,9,5,2,9,9,9,9,9,9,9,9,9,9,1,9,5,1,1,1,117.724388691886,11,9
2406262,20,148,1-20-2024-148-03,3,2,3,2,21,98,98,9998,99999999,99,9999999999,9,5,2,9,9,9,9,9,9,9,9,9,9,1,9,5,1,1,1,117.724388691886,11,9
2406265,17,203,1-17-2024-203-02,2,2,3,1,23,98,98,9998,99999999,99,9999999999,9,5,2,9,9,9,9,9,9,9,9,9,9,1,9,3,2,1,1,71.3662616428737,4,9
2406256,69,164,1-69-2024-164-07,7,1,2,1,23,10,16,4008,CC321-GYY,4,07/10/2023,2,2,2,2,1,1,1,2,3,1,3,3,1,1,1,2,3,1,1,256.481300292613,8,9
2403228,14,52,1-14-2024-052-03,3,1,2,1,21,98,98,9998,99999999,99,9999999999,9,1,1,9,9,9,9,9,9,1,1,4,0,1,9,5,1,1,1,400.274020463203,8,9
2403228,14,52,1-14-2024-052-03,3,1,3,2,23,13,23,9998,99999999,2,9999999999,2,1,2,1,1,1,1,4,9,1,3,3,0,1,9,5,1,1,1,400.274020463203,8,9
2403244,22,95,1-22-2024-095-06,6,1,3,1,23,12,19,5039,30712344,5,11/28/2022,2,1,2,2,1,1,1,2,3,2,1,0,0,1,9,3,1,1,1,88.2065738868729,12,9
2403244,22,95,1-22-2024-095-06,6,1,2,2,21,13,23,6031,2140096,6,01/13/2022,3,1,2,0,0,0,0,0,0,0,0,0,0,1,9,3,1,1,1,88.2065738868729,12,9
2403256,79,69,1-79-2024-069-06,6,2,3,1,23,6,6,9998,99999999,2,9999999999,2,3,2,2,1,9,9,2,5,2,3,3,9,1,1,5,1,1,1,120.772111910736,8,9
2403269,29,29,1-29-2024-029-03,3,2,2,1,23,98,98,9998,99999999,99,9999999999,9,5,9,9,9,9,9,9,9,9,9,9,9,9,9,9,1,1,9,159.682488965025,2,9
2405546,79,107,1-79-2024-107-07,7,2,2,1,23,12,19,4021,99999999,4,9999999999,2,3,2,2,1,1,1,5,5,2,3,3,0,1,1,5,1,1,1,105.188203068447,8,9
2405587,12,108,1-12-2024-108-04,4,2,2,1,21,13,23,4024,2095094,1,03/29/2021,1,3,1,2,1,0,1,2,3,0,3,4,0,1,2,3,1,1,1,744.518992237318,9,9
2405598,21,135,1-21-2024-135-03,3,3,2,1,23,13,23,4018,1999656,4,04/19/2018,2,3,2,2,1,1,1,4,9,2,1,1,0,1,1,4,1,1,1,319.39289990617,11,9
2405659,73,142,1-73-2024-142-06,6,1,2,1,23,98,98,9998,99999999,99,9999999999,9,1,2,9,9,9,9,9,9,9,9,9,9,9,9,1,1,1,1,37.0946854309253,3,9
2405646,14,112,1-14-2024-112-06,6,2,2,1,23,12,19,4025,35322405a,4,11/13/2021,2,3,2,2,1,1,1,2,3,2,1,3,0,1,1,4,1,1,1,1019.84921695672,8,9
2405691,12,111,1-12-2024-111-06,6,2,2,1,23,12,19,5039,30712360,5,02/11/2021,2,4,2,2,1,1,1,3,3,1,3,3,0,1,1,4,1,1,1,257.996460650317,9,9
2403210,11,92,1-11-2024-092-09,9,1,2,1,21,98,98,9998,99999999,99,9999999999,9,5,9,9,9,9,9,9,9,9,9,9,9,9,9,9,9,9,9,1483.52893742629,8,9
2403350,25,84,1-25-2024-084-01,1,1,2,1,23,98,98,9998,99999999,99,9999999999,9,5,2,9,9,9,9,9,9,9,9,9,9,1,9,5,1,1,1,61.5499933012625,2,9
2403371,32,118,1-32-2024-118-03,3,2,2,1,21,98,98,9998,99999999,99,9999999999,9,5,9,9,9,9,9,9,9,9,9,9,9,9,9,1,1,1,1,399.455115208221,7,9
2403371,32,118,1-32-2024-118-03,3,3,3,1,21,98,98,9998,99999999,99,9999999999,9,5,2,9,9,9,9,9,9,9,9,9,9,1,9,1,1,1,1,399.455115208221,7,9
2403401,29,31,1-29-2024-031-03,3,2,2,1,21,98,98,9998,99999999,99,9999999999,9,5,2,9,9,9,9,9,9,9,9,9,9,9,9,9,9,9,9,387.667428498109,2,9
2403412,30,121,1-30-2024-121-06,6,1,2,1,21,98,98,9998,99999999,99,9999999999,9,2,2,9,9,9,9,0,0,0,0,1,9,1,1,5,1,1,1,390.778392781149,10,9
2403413,81,77,1-81-2024-077-NM1,21,2,2,1,23,98,98,9998,99999999,99,9999999999,9,5,9,9,9,9,9,9,9,9,9,9,9,9,9,5,1,1,1,23.4695700092411,8,9
2403437,73,98,1-73-2024-098-06,6,2,2,1,21,98,98,9998,99999999,99,9999999999,9,5,9,9,9,9,9,9,9,9,9,9,9,9,9,9,9,9,9,436.667596310041,3,9
2403430,62,91,1-62-2024-091-03,3,1,3,1,23,98,98,9998,99999999,99,9999999999,9,5,2,9,9,9,9,9,9,9,9,9,9,1,9,5,1,1,1,349.88479232887,7,9
2403427,67,17,1-67-2024-017-06,6,2,4,1,23,98,98,9998,99999999,99,9999999999,9,5,9,9,9,9,9,9,9,9,9,9,9,1,9,5,9,9,9,530.56013412696,7,9
2403495,48,112,1-48-2024-112-03,3,2,4,1,23,98,98,9998,99999999,99,9999999999,9,1,9,9,9,9,9,9,9,9,9,9,9,9,9,5,1,1,1,54.9604072040948,12,9
2403495,48,112,1-48-2024-112-03,3,2,3,2,21,98,98,9998,99999999,99,9999999999,9,1,9,9,9,9,9,9,9,9,9,9,9,9,9,5,1,1,1,54.9604072040948,12,9
2403502,28,104,1-28-2024-104-06,6,2,5,1,23,13,23,4011,2099562,4,08/31/2021,2,2,2,2,1,1,1,2,3,1,1,3,0,1,1,4,9,1,1,44.5186799027896,3,9
2403522,22,105,1-22-2024-105-04,4,2,2,1,21,98,98,9998,99999999,99,9999999999,9,2,2,9,9,9,9,0,0,0,9,9,9,1,9,5,9,1,1,32.0683092145635,12,9
2403525,21,73,1-21-2024-073-03,3,1,3,1,22,98,98,9998,99999999,99,9999999999,9,5,9,9,9,9,9,9,9,9,9,9,9,9,9,4,1,1,1,389.264030585975,11,9
2403555,10,57,1-10-2024-057-06,6,1,2,1,21,12,19,9998,99999999,2,9999999999,9,1,9,9,9,9,9,9,9,9,9,9,0,1,9,9,9,1,9,529.513381579315,4,9
2403555,10,57,1-10-2024-057-06,6,1,3,2,23,12,19,4021,99999999,4,12/20/2019,2,1,9,2,1,1,1,9,9,9,9,9,0,1,9,9,0,1,9,529.513381579315,4,9
2403557,54,88,1-54-2024-088-09,9,1,3,1,21,6,6,1009,06079761960070,1,10/01/2019,1,1,1,2,1,0,1,9,9,0,3,4,0,1,9,3,1,1,1,166.757528178135,9,9
2400777,20,18,1-20-2024-018-06,6,1,2,1,23,13,23,4011,99999999,4,9999999999,3,2,2,0,0,0,0,0,0,0,0,0,9,1,1,3,1,1,1,220.336429698362,11,9
2400842,73,25,1-73-2024-025-06,6,1,4,1,22,9,10,4001,50105-NA-01,4,01/10/2023,1,1,1,2,1,0,1,9,9,0,1,1,0,1,9,3,0,1,1,37.0946854309253,3,9
2400842,73,25,1-73-2024-025-06,6,1,5,2,23,9,10,4001,50623-us-01,4,01/07/2023,2,1,2,2,1,1,1,9,9,1,1,1,0,1,9,5,1,1,1,37.0946854309253,3,9
2400819,81,19,1-81-2024-019-01,1,2,3,1,21,2,2,1001,TS40B65B,1,11/08/2022,1,1,9,2,1,0,1,9,9,0,9,9,0,9,9,5,1,1,1,96.2081604062078,8,9
2400858,33,12,1-33-2024-012-08,8,1,2,1,23,12,19,4025,35312337,4,08/25/2022,1,1,1,2,1,0,1,5,3,0,1,1,0,1,2,3,1,1,1,29.5346785988684,12,9
2400799,22,22,1-22-2024-022-07,7,2,3,1,22,98,98,9998,99999999,99,9999999999,9,2,2,9,9,9,9,0,0,0,9,0,0,1,1,4,1,1,1,98.6738695779625,12,9
2400889,31,15,1-31-2024-015-07,7,2,3,1,23,98,98,9998,99999999,99,9999999999,9,2,2,9,9,9,9,2,9,9,9,9,9,1,1,3,1,1,1,401.711947163317,6,9
2400860,17,27,1-17-2024-027-04,4,2,4,1,22,98,98,9998,99999999,99,9999999999,9,5,9,9,9,9,9,9,9,9,9,9,9,9,9,5,1,0,1,73.2511684159124,4,9
2400860,17,27,1-17-2024-027-04,4,2,5,2,23,98,98,9998,99999999,99,9999999999,9,5,9,9,9,9,9,9,9,9,9,9,9,9,9,5,1,1,1,73.2511684159124,4,9
2403579,30,129,1-30-2024-129-03,3,2,2,1,22,98,98,9998,99999999,99,9999999999,9,5,9,9,9,9,9,9,9,9,0,9,9,9,9,9,1,0,1,205.548230199915,10,9
2403605,16,102,1-16-2024-102-03,3,1,2,1,21,98,98,9998,99999999,99,9999999999,9,5,9,9,9,9,9,9,9,9,9,9,9,1,9,9,1,1,1,346.592119950096,5,9
2403605,16,102,1-16-2024-102-03,3,1,3,2,23,98,98,9998,99999999,99,9999999999,9,5,9,9,9,9,9,9,9,9,9,9,9,1,9,9,1,1,1,346.592119950096,5,9
2403610,28,108,1-28-2024-108-10,10,1,2,1,21,13,23,5026,2051449,5,07/22/2019,3,3,2,0,0,0,0,0,0,0,0,0,0,1,1,3,1,1,1,1985.20441268766,3,9
2403623,17,112,1-17-2024-112-09,9,2,3,1,23,13,23,2054,1963212,2,09/18/2019,1,3,1,2,1,0,1,2,3,0,1,1,5,1,1,1,1,1,1,124.444730519243,4,9
2403624,82,92,1-82-2024-092-06,6,2,2,1,23,98,98,9998,99999999,99,9999999999,9,5,9,9,9,9,9,9,9,9,9,9,9,1,9,5,9,1,1,333.226313697198,1,9
2403639,22,112,1-22-2024-112-07,7,1,2,1,21,13,23,9998,99999999,2,9999999999,2,2,2,2,1,1,1,5,3,1,3,3,0,1,1,5,1,1,1,106.715881703067,12,9
2403700,69,80,1-69-2024-080-01,1,2,4,1,22,13,23,5026,1948315,5,08/14/2017,3,1,2,0,0,0,0,0,0,0,0,0,0,1,9,5,1,1,0,12.402162466744,8,9
2403723,14,63,1-14-2024-063-03,3,2,3,1,21,98,98,9998,99999999,99,9999999999,9,1,9,9,9,9,9,9,9,9,9,9,9,1,9,4,1,1,1,407.413518981047,8,9
2403725,14,65,1-14-2024-065-03,3,2,5,1,23,13,23,6031,99999999,6,9999999999,3,1,2,0,0,0,0,0,0,0,0,0,0,1,9,5,9,1,9,407.413518981047,8,9
2403725,14,65,1-14-2024-065-03,3,2,4,2,22,10,16,2053,CC078-CMIA,2,05/09/2024,1,1,1,2,1,0,1,4,9,0,9,9,9,1,2,9,9,1,0,407.413518981047,8,9
2403758,22,114,1-22-2024-114-09,9,2,3,1,21,10,16,4008,CC253-FER,4,12/22/2021,2,1,2,2,1,1,1,3,3,1,3,3,0,1,1,5,1,1,1,97.7343067247537,12,9
2403758,22,114,1-22-2024-114-09,9,2,4,2,23,13,23,6031,1920048 JJ,6,10/08/2018,3,1,2,0,0,0,0,0,0,0,0,0,0,1,1,5,1,1,1,97.7343067247537,12,9
2403771,81,90,1-81-2024-090-02,2,1,3,1,21,12,19,4025,36812470A,4,01/03/2024,9,1,9,9,9,9,9,9,9,9,9,9,9,1,9,5,1,1,1,26.3649807190026,8,9
2403780,10,63,1-10-2024-063-03,3,2,2,1,23,98,98,9998,99999999,99,9999999999,9,3,2,9,9,9,9,0,0,0,9,9,9,1,1,5,1,1,1,1732.95029492939,4,9
2403792,12,65,1-12-2024-065-10,10,2,2,1,21,13,23,2052,1969649,2,04/07/2020,2,2,2,2,1,1,1,3,3,2,3,3,0,1,1,4,1,1,1,22003.0893968835,9,9
2403791,79,80,1-79-2024-080-04,4,1,2,1,23,13,23,4011,99999999,4,9999999999,2,2,2,2,9,1,1,2,9,2,3,9,1,1,1,9,9,9,9,110.415883367985,8,9
2403791,79,80,1-79-2024-080-04,4,1,3,2,31,13,23,4011,99999999,4,9999999999,2,2,2,2,9,1,1,2,9,2,3,9,1,1,1,9,9,9,9,110.415883367985,8,9
2403817,25,100,1-25-2024-100-06,6,2,3,1,23,10,16,4014,cc325-fyi,4,9999999999,2,5,2,2,1,1,1,5,5,1,3,3,0,1,1,4,1,1,1,3541.55496377637,2,9
2403842,82,99,1-82-2024-099-03,3,2,2,1,23,98,98,9998,99999999,99,9999999999,9,5,9,9,9,9,9,9,9,9,9,9,9,9,9,9,9,9,9,165.718700862782,1,9
2403884,69,85,1-69-2024-085-04,4,2,3,1,21,10,16,2053,CC078-CKH,2,05/02/2018,2,3,2,2,1,1,1,2,5,1,3,3,0,1,1,3,1,1,1,89.8384928002341,8,9
2403896,59,118,1-59-2024-118-06,6,2,2,1,23,13,23,9998,99999999,3,9999999999,2,2,2,2,1,1,1,2,1,2,3,0,0,1,1,1,1,1,1,351.838762652549,6,9
2405765,73,147,1-73-2024-147-03,3,2,3,1,23,13,23,4011,1932393,4,9999999999,2,3,2,2,1,1,1,9,9,9,9,9,9,1,9,5,1,1,1,30.3986890211754,3,9
2405756,62,171,1-62-2024-171-02,2,2,3,1,21,98,98,9998,99999999,99,9999999999,9,5,9,9,9,9,9,9,9,9,9,9,9,9,9,9,9,1,1,40.5230025519482,7,9
2405782,57,182,1-57-2024-182-03,3,2,2,1,23,98,98,9998,99999999,99,9999999999,9,5,2,9,9,9,9,9,9,9,9,9,9,1,9,9,9,9,9,67.5142507477967,1,9
2405769,77,186,1-77-2024-186-02,2,1,2,1,21,13,23,6031,99999999,6,9999999999,3,4,2,0,0,0,0,0,0,0,0,0,0,9,9,5,1,1,1,83.1566199866033,9,9
2405819,60,98,1-60-2024-098-NM1,21,1,3,1,23,98,98,9998,99999999,99,9999999999,9,1,1,9,9,9,9,9,9,9,1,4,9,1,9,2,1,1,0,43.22330010499,8,9
2405828,31,126,1-31-2024-126-08,8,1,3,1,21,98,98,9998,99999999,99,9999999999,9,5,9,9,9,9,9,9,9,9,9,9,9,9,9,9,1,1,1,222.937813489072,6,9
2405847,15,226,1-15-2024-226-03,3,2,3,1,23,13,23,9998,99999999,99,9999999999,2,1,2,1,1,9,1,9,9,1,3,2,1,1,9,4,3,9,9,13.5033788678664,1,9
2405847,15,226,1-15-2024-226-03,3,2,2,2,21,13,23,6031,1967886,6,01/13/2016,3,1,2,0,0,0,0,0,0,0,0,0,0,1,9,3,1,0,1,13.5033788678664,1,9
2403897,28,118,1-28-2024-118-03,3,1,3,1,21,98,98,9998,99999999,99,9999999999,9,2,2,9,9,9,9,9,9,9,9,9,9,1,1,5,1,1,1,28.3089754479373,3,9
2403897,28,118,1-28-2024-118-03,3,1,6,2,33,98,98,9998,99999999,99,9999999999,9,2,2,9,9,9,9,9,9,9,9,9,9,1,1,5,1,1,1,28.3089754479373,3,9
2403922,29,47,1-29-2024-047-09,9,2,2,1,23,98,98,9998,99999999,99,9999999999,9,5,9,9,9,9,9,9,9,9,9,9,9,9,9,9,9,9,9,1082.81421584028,2,9
2403951,48,128,1-48-2024-128-06,6,2,5,1,23,13,23,4018,1980623,4,08/20/2022,2,1,1,2,1,1,1,4,3,1,3,4,1,1,1,1,1,1,1,226.137614831187,12,9
2403964,12,70,1-12-2024-070-02,2,1,3,1,21,12,19,6023,36512385,6,10/14/2021,3,1,2,0,0,0,0,0,0,0,0,0,0,1,1,4,1,1,1,221.517683883591,9,9
2403964,12,70,1-12-2024-070-02,2,1,4,2,23,12,19,6023,36512386,6,10/14/2021,3,1,2,0,0,0,0,0,0,0,0,0,0,1,1,4,1,1,1,221.517683883591,9,9
2403961,33,71,1-33-2024-071-03,3,1,3,1,21,12,19,5019,34911921,5,05/12/2020,2,2,2,2,1,1,1,4,5,1,3,3,0,1,1,3,1,1,1,17.2161737549189,12,9
2403961,33,71,1-33-2024-071-03,3,1,4,2,23,10,12,5033,43587180,5,01/15/2020,2,2,2,2,1,1,1,4,5,1,3,3,0,1,1,3,1,1,1,17.2161737549189,12,9
2404019,16,108,1-16-2024-108-02,2,2,2,1,23,98,98,9998,99999999,99,9999999999,9,5,9,9,9,9,9,9,9,9,9,9,9,9,9,4,1,1,1,24.080851017413,5,9
2404024,29,51,1-29-2024-051-06,6,2,2,1,21,13,23,4028,2160291,4,08/21/2023,1,1,1,2,1,0,1,9,9,0,1,9,0,1,9,5,1,1,1,807.629926847652,2,9
2404043,11,123,1-11-2024-123-04,4,1,3,1,21,98,98,9998,99999999,99,9999999999,9,2,2,9,9,9,9,2,5,1,1,3,0,1,1,4,1,1,1,266.740512711128,8,9
2405896,67,53,1-67-2024-053-03,3,1,2,1,21,13,98,9998,99999999,5,9999999999,2,2,2,2,1,1,1,2,3,1,3,3,9,1,1,5,1,1,1,336.61498686744,7,9
2405908,66,118,1-66-2024-118-06,6,1,3,1,22,98,98,9998,99999999,99,9999999999,9,2,2,9,9,9,9,0,0,0,0,9,0,1,1,1,1,9,9,124.972344097308,6,9
2405872,81,154,1-81-2024-154-01,1,2,2,1,23,13,23,4018,99999999,4,9999999999,2,2,2,2,1,1,1,2,9,2,1,3,1,1,1,9,9,1,1,37.5482771746596,8,9
2405929,20,139,1-20-2024-139-02,2,1,2,1,23,98,98,9998,99999999,99,9999999999,9,3,9,9,9,9,9,9,9,9,9,0,9,9,9,5,1,1,1,19.9171728154044,11,9
2405937,24,166,1-24-2024-166-03,3,2,2,1,23,98,98,9998,99999999,99,9999999999,9,3,9,9,9,9,9,9,9,9,9,9,9,1,9,3,1,1,1,70.1335209887082,1,9
2405962,32,157,1-32-2024-157-02,2,2,2,1,21,98,98,9998,99999999,99,9999999999,9,5,9,9,9,9,9,9,9,9,9,9,9,9,9,1,3,1,1,20.8819245275317,7,9
2405966,25,164,1-25-2024-164-06,6,2,2,1,22,10,15,1016,IC365GYQH,1,12/08/2023,1,2,1,2,1,0,1,2,3,0,1,1,0,1,2,3,1,0,1,353.939350416704,2,9
2405986,15,232,1-15-2024-232-03,3,1,2,1,23,13,23,9998,99999999,99,9999999999,9,2,9,9,9,9,9,9,9,9,9,9,9,9,9,9,9,9,9,13.757754207129,1,9
2406003,60,103,1-60-2024-103-09,9,1,4,1,23,98,98,9998,99999999,99,9999999999,9,2,2,9,9,9,9,0,0,0,0,0,0,1,1,5,1,1,1,3804.24227967137,8,9
2404046,81,99,1-81-2024-099-02,2,1,3,1,22,98,98,9998,99999999,99,9999999999,9,2,9,9,9,9,9,9,9,9,9,9,9,1,9,4,1,1,1,45.7690227505208,8,9
2404069,57,106,1-57-2024-106-02,2,2,3,1,23,13,23,9998,99999999,6,9999999999,3,1,2,0,0,0,0,0,0,0,0,0,0,1,9,9,9,9,9,13.8251120734564,1,9
2404087,33,74,1-33-2024-074-04,4,2,2,1,22,98,98,9998,99999999,99,9999999999,9,2,1,9,9,9,9,2,3,0,1,1,0,1,2,3,1,1,1,553.660018383497,12,9
2404073,79,83,1-79-2024-083-03,3,2,2,1,21,98,98,9998,99999999,99,9999999999,9,5,9,9,9,9,9,9,9,9,9,9,9,9,9,9,9,9,9,104.756877618907,8,9
2406007,59,180,1-59-2024-180-03,3,2,2,1,99,98,98,9998,99999999,99,9999999999,9,5,9,9,9,9,9,9,9,9,9,9,9,9,9,9,9,9,9,83.6010545122374,6,9
2406009,10,124,1-10-2024-124-03,3,2,2,1,21,98,98,9998,99999999,99,9999999999,9,5,2,9,9,9,9,9,9,9,9,9,9,1,9,9,1,9,9,142.987817060737,4,9
2406009,10,124,1-10-2024-124-03,3,2,3,2,23,98,98,9998,99999999,99,9999999999,9,5,2,9,9,9,9,9,9,9,9,9,9,1,9,9,1,9,9,142.987817060737,4,9
2406012,10,127,1-10-2024-127-06,6,3,2,1,23,98,98,9998,99999999,99,9999999999,9,2,1,9,9,9,9,5,9,9,9,9,9,1,2,3,1,1,1,529.668799856304,4,9
2404073,79,83,1-79-2024-083-03,3,2,3,2,23,98,98,9998,99999999,99,9999999999,9,5,9,9,9,9,9,9,9,9,9,9,9,9,9,9,9,9,9,104.756877618907,8,9
2404108,60,58,1-60-2024-058-02,2,2,3,1,23,10,16,4014,CC325-FYI,4,03/01/2024,2,1,2,2,1,1,1,4,1,2,3,2,0,1,1,4,1,1,1,34.2089348957855,8,9
2404106,60,56,1-60-2024-056-04,4,1,2,1,23,13,23,9998,99999999,99,9999999999,3,2,2,0,0,1,0,0,0,2,0,0,0,1,1,4,1,1,1,2165.10859656783,8,9
2404123,27,126,1-27-2024-126-04,4,2,2,1,21,13,23,6031,1982992,6,10/25/2018,3,3,2,0,0,0,0,0,0,0,0,0,0,1,1,3,1,1,1,18.7495302149441,3,9
2404126,82,107,1-82-2024-107-03,3,2,5,1,33,98,98,9998,99999999,99,9999999999,9,5,9,9,9,9,9,9,9,9,9,9,9,9,9,9,9,9,9,146.023499594545,1,9
2404194,57,112,1-57-2024-112-06,6,1,3,1,23,98,98,9998,99999999,99,9999999999,9,5,9,9,9,9,9,9,9,9,9,9,9,9,9,5,1,1,1,434.808217575031,1,9
2404216,66,84,1-66-2024-084-04,4,1,2,1,23,13,23,2054,1963211,2,03/26/2020,2,2,2,2,1,1,1,2,5,1,1,1,0,1,1,3,1,1,1,122.434885239274,6,9
2404206,48,136,1-48-2024-136-07,7,1,3,1,22,13,23,2054,1963212,2,09/29/2021,2,2,2,2,1,1,1,5,5,1,3,3,0,1,1,0,3,0,0,525.837186883021,12,9
2400026,62,3,1-62-2024-003-08,8,1,2,1,22,98,98,9998,99999999,99,9999999999,9,5,2,9,9,9,9,9,9,9,9,9,9,1,9,5,1,0,1,20.8454543525906,7,9
2400020,54,1,1-54-2024-001-08,8,1,4,1,23,98,98,9998,99999999,99,9999999999,9,2,2,9,9,9,9,2,2,2,1,3,0,1,1,9,9,9,9,161.994257211147,9,9
2400020,54,1,1-54-2024-001-08,8,1,3,2,21,98,98,9998,99999999,99,9999999999,9,2,1,9,9,9,9,5,2,1,1,4,0,1,2,9,9,9,9,161.994257211147,9,9
2400020,54,1,1-54-2024-001-08,8,2,3,1,21,98,98,9998,99999999,99,9999999999,9,5,9,9,9,9,9,9,9,9,9,9,9,9,9,9,9,9,9,161.994257211147,9,9
2400020,54,1,1-54-2024-001-08,8,2,4,2,23,98,98,9998,99999999,99,9999999999,9,5,9,9,9,9,9,9,9,9,9,9,9,9,9,9,9,9,9,161.994257211147,9,9
2400049,60,2,1-60-2024-002-09,9,1,3,1,23,13,23,6031,1920048,6,10/07/2016,3,1,2,0,0,0,0,0,0,0,0,0,0,1,1,3,1,1,1,461.937193690162,8,9
2400078,59,4,1-59-2024-004-08,8,1,2,1,23,98,98,9998,99999999,99,9999999999,9,5,9,9,9,9,9,9,9,9,9,9,9,9,9,4,1,1,1,111.392066987082,6,9
2400131,27,4,1-27-2024-004-03,3,2,2,1,23,12,19,5019,34911921,5,08/17/2022,2,3,2,2,1,1,1,4,5,2,1,3,0,1,1,3,1,1,1,19.9655651519629,3,9
2400106,67,2,1-67-2024-002-06,6,2,3,1,21,98,98,9998,99999999,99,9999999999,9,5,9,9,9,9,9,9,9,9,9,9,9,9,9,3,1,1,1,555.780573943308,7,9
2406222,66,122,1-66-2024-122-10,10,2,4,3,21,10,16,4005,99999999,4,9999999999,2,2,2,2,1,1,1,3,3,1,3,2,0,1,9,5,1,1,1,242.389498710963,6,9
2406225,19,95,1-19-2024-095-04,4,1,2,1,21,10,12,5033,bc110-fmh,5,09/18/2020,2,3,2,2,1,1,1,3,5,1,1,0,0,1,9,2,1,1,9,263.790946458572,9,9
2406225,19,95,1-19-2024-095-04,4,1,3,2,23,10,12,6010,bc177hcd,6,04/20/2023,3,3,2,0,0,0,0,0,0,0,0,0,1,1,9,2,1,0,0,263.790946458572,9,9
2406235,59,186,1-59-2024-186-06,6,1,3,1,21,2,98,9998,99999999,1,9999999999,1,1,1,2,1,0,0,2,5,0,0,4,4,1,2,2,0,0,0,83.2990442714816,6,9
2406238,57,193,1-57-2024-193-09,9,1,2,1,21,98,98,9998,99999999,99,9999999999,9,5,2,9,9,9,9,9,9,9,9,9,9,1,9,9,9,9,9,2875.72570555649,1,9
2406238,57,193,1-57-2024-193-09,9,1,3,2,23,98,98,9998,99999999,99,9999999999,9,5,2,9,9,9,9,9,9,9,9,9,9,1,9,9,9,9,9,2875.72570555649,1,9
2406238,57,193,1-57-2024-193-09,9,2,2,1,23,13,23,9998,99999999,99,9999999999,2,2,9,9,9,9,9,9,9,9,9,9,9,1,9,3,9,1,1,2875.72570555649,1,9
2406242,48,204,1-48-2024-204-09,9,1,3,1,23,98,98,9998,99999999,99,9999999999,9,1,1,9,9,9,9,9,9,9,9,9,9,9,9,5,1,1,1,259.999256785636,12,9
2404206,48,136,1-48-2024-136-07,7,1,4,2,23,6,6,6060,07079771750070,6,09/01/2022,1,2,1,2,1,0,1,5,5,0,3,4,0,1,2,3,1,0,0,525.837186883021,12,9
2404151,81,102,1-81-2024-102-02,2,3,2,1,23,98,98,9998,99999999,99,9999999999,9,5,9,9,9,9,9,9,9,9,9,9,9,9,9,9,9,9,9,26.6902214863668,8,9
2400165,18,6,1-18-2024-006-03,3,1,3,1,23,98,98,9998,99999999,99,9999999999,9,5,9,9,9,9,9,9,9,9,9,9,9,9,9,3,1,1,1,49.1587237763253,6,9
2400206,18,7,1-18-2024-007-06,6,2,3,1,21,10,12,6010,BC126--EUY,6,05/25/2018,3,1,2,0,0,0,0,0,0,0,0,0,0,1,1,3,1,1,1,248.39335062653,6,9
2400206,18,7,1-18-2024-007-06,6,2,4,2,23,13,23,5026,2062112,5,01/19/2021,2,1,2,2,1,1,1,2,5,1,3,3,0,1,1,4,1,1,1,248.39335062653,6,9
2400226,32,5,1-32-2024-005-02,2,1,3,1,22,98,98,9998,99999999,99,9999999999,9,5,9,9,9,9,9,9,9,9,9,9,9,9,9,9,9,9,9,18.5720544399223,7,9
2400239,57,6,1-57-2024-006-03,3,1,2,1,23,98,98,9998,99999999,99,9999999999,9,5,2,9,9,9,9,9,9,9,9,9,9,9,9,9,1,1,1,40.3695381904975,1,9
2400249,22,5,1-22-2024-005-04,4,1,3,1,22,6,6,1009,04 0796****0 070,1,12/01/2021,1,3,1,2,1,0,1,2,3,0,1,0,0,1,1,9,1,1,9,191.581178145966,12,9
2400257,82,8,1-82-2024-008-06,6,1,2,1,23,13,23,5026,1933833,5,06/21/2019,2,1,2,2,1,1,1,9,9,1,1,1,9,1,9,5,1,1,1,194.188153888718,1,9
2400257,82,8,1-82-2024-008-06,6,1,3,2,21,12,19,6050,31911204,6,04/28/2015,3,1,2,0,0,0,0,0,0,0,0,0,0,1,9,5,1,1,1,194.188153888718,1,9
2400290,13,6,1-13-2024-006-02,2,2,3,1,21,98,98,9998,99999999,99,9999999999,9,5,2,9,9,9,9,9,9,9,9,9,9,9,9,1,1,1,1,9.13287494953795,7,9
2400311,79,11,1-79-2024-011-06,6,1,2,1,21,98,98,9998,99999999,99,9999999999,9,2,2,9,9,9,9,2,9,1,3,5,9,1,1,9,9,9,9,537.61971125089,8,9
2400300,54,11,1-54-2024-011-10,10,1,3,1,23,98,98,9998,99999999,99,9999999999,9,5,9,9,9,9,9,9,9,9,9,9,9,9,9,9,9,9,9,297.406603751546,9,9
2400379,20,8,1-20-2024-008-07,7,2,3,1,21,10,16,4008,CC321-GYY,4,08/08/2023,9,1,9,2,1,1,1,9,9,9,9,9,9,1,9,1,1,1,1,432.198032471815,11,9
2400399,16,12,1-16-2024-012-05,5,2,3,1,21,98,98,9998,99999999,99,9999999999,9,5,1,9,9,9,9,9,9,9,9,9,9,1,9,1,1,1,1,15.6592746300539,5,9
2400399,16,12,1-16-2024-012-05,5,2,4,2,23,98,98,9998,99999999,99,9999999999,9,5,1,9,9,9,9,9,9,9,9,9,9,1,9,1,1,1,1,15.6592746300539,5,9
2400444,18,15,1-18-2024-015-03,3,1,2,1,23,98,98,9998,99999999,99,9999999999,9,1,9,9,9,9,9,9,9,9,9,9,9,9,9,3,1,1,1,34.6070615401308,6,9
2400428,62,15,1-62-2024-015-03,3,2,2,1,21,98,98,9998,99999999,99,9999999999,9,5,2,9,9,9,9,9,9,9,9,9,9,1,9,5,1,1,1,402.933322814975,7,9
2400428,62,15,1-62-2024-015-03,3,2,3,2,23,98,98,9998,99999999,99,9999999999,9,5,1,9,9,9,9,9,9,9,9,9,9,1,9,5,1,1,1,402.933322814975,7,9
2400525,28,12,1-28-2024-012-04,4,1,2,1,23,13,23,9998,99999999,6,9999999999,3,2,2,0,0,0,0,0,0,0,0,0,0,1,1,3,1,1,1,47.851485985308,3,9
2400529,27,18,1-27-2024-018-06,6,1,2,1,21,98,98,9998,99999999,99,9999999999,9,2,2,9,9,9,9,5,3,2,3,3,0,1,1,3,1,1,1,47.6279948664491,3,9
2400529,27,18,1-27-2024-018-06,6,1,3,2,23,98,98,9998,99999999,99,9999999999,9,2,2,9,9,9,9,5,3,2,3,3,0,1,1,3,1,1,1,47.6279948664491,3,9
2400541,23,9,1-23-2024-009-03,3,1,2,1,23,98,98,9998,99999999,99,9999999999,9,5,2,9,9,9,9,9,9,9,9,9,9,9,9,5,9,1,1,341.793285163894,5,9
2400610,24,12,1-24-2024-012-09,9,2,3,1,21,98,98,9998,99999999,99,9999999999,9,5,9,9,9,9,9,9,9,9,9,9,9,9,9,9,9,9,9,489.140467238966,1,9
2400617,16,19,1-16-2024-019-06,6,2,3,1,22,13,23,1034,99999999,1,9999999999,1,1,1,2,1,0,1,4,9,0,1,1,0,1,2,3,1,1,1,1006.3508458628,5,9
2400619,16,21,1-16-2024-021-NM1,21,1,3,1,23,98,98,9998,99999999,99,9999999999,9,1,1,9,9,9,9,9,9,9,9,9,9,1,9,9,9,9,9,61.8147074429554,5,9
2400659,26,12,1-26-2024-012-05,5,1,3,1,23,13,23,4011,1943811,6,01/01/2014,3,1,2,0,0,0,0,0,0,0,0,0,0,1,9,5,1,1,1,44.028673942891,10,9
2400663,30,21,1-30-2024-021-06,6,1,2,1,21,10,16,2053,CC086-OSD,2,11/12/2015,9,1,9,9,9,9,9,9,9,9,9,9,9,9,9,4,1,1,1,1312.87881431416,10,9
2400720,10,11,1-10-2024-011-08,8,2,3,1,23,10,16,4008,C213FJP,4,9999999999,1,2,1,2,1,0,1,4,3,0,3,4,0,1,2,9,9,1,1,287.61039403465,4,9
2400727,48,28,1-48-2024-028-04,4,1,4,1,23,2,2,5001,fb48c42a,5,08/03/2020,2,2,2,2,1,1,1,4,3,2,1,1,0,1,1,9,1,1,1,145.557430364465,12,9
2400727,48,28,1-48-2024-028-04,4,1,2,2,31,2,2,5001,fb48c42a,5,08/03/2020,2,3,2,2,1,1,1,4,3,2,1,1,0,1,1,9,1,1,1,145.557430364465,12,9
2400718,79,20,1-79-2024-020-03,3,2,2,1,23,98,98,9998,99999999,99,9999999999,9,5,9,9,9,9,9,9,9,9,9,9,9,9,9,9,9,9,9,104.756877618907,8,9
2400735,18,26,1-18-2024-026-04,4,1,2,1,23,12,19,4021,39312340,4,01/19/2022,2,1,2,2,1,1,1,9,9,1,1,0,9,1,9,3,1,1,1,239.178929734892,6,9
2400770,17,24,1-17-2024-024-09,9,2,2,1,21,98,98,9998,99999999,99,9999999999,9,5,9,9,9,9,9,9,9,9,9,9,9,9,9,5,1,1,1,311.398354328333,4,9
2404307,69,98,1-69-2024-098-05,5,1,2,1,23,98,98,9998,99999999,99,9999999999,9,1,9,9,9,9,9,9,9,9,9,9,9,1,9,9,9,9,9,24.1360940214581,8,9
2404352,30,151,1-30-2024-151-07,7,2,2,1,21,98,98,9998,99999999,99,9999999999,9,5,9,9,9,9,9,9,9,9,9,9,9,9,9,9,1,1,0,4176.39915810018,10,9
2404352,30,151,1-30-2024-151-07,7,2,4,2,23,98,98,9998,99999999,99,9999999999,9,5,9,9,9,9,9,9,9,9,9,9,9,9,9,9,1,1,0,4176.39915810018,10,9
2404356,12,81,1-12-2024-081-03,3,2,3,1,21,10,12,9998,99999999,6,10/14/2013,3,3,2,0,0,0,0,0,0,0,0,0,0,1,1,3,1,1,1,188.310944180204,9,9
2404397,10,82,1-10-2024-082-01,1,1,4,1,23,10,12,2062,CC332-CLK,2,02/07/2024,2,1,2,2,1,1,1,3,5,9,9,9,0,1,9,3,1,1,1,25.633900579513,4,9
2404397,10,82,1-10-2024-082-01,1,1,3,2,21,10,16,4008,CC284-GCK,4,06/03/2022,2,1,2,2,1,1,1,5,5,9,9,9,0,1,9,3,1,1,1,25.633900579513,4,9
2404408,48,143,1-48-2024-143-07,7,1,2,1,23,13,23,4011,99999999,4,9999999999,2,2,2,2,1,1,1,2,5,2,1,0,0,1,1,3,1,1,1,320.637738411807,12,9
2404410,48,145,1-48-2024-145-09,9,1,2,1,21,98,98,9998,99999999,99,9999999999,9,5,9,9,9,9,9,9,9,9,9,9,9,9,9,5,9,0,0,144.242810569893,12,9
2404410,48,145,1-48-2024-145-09,9,1,3,2,23,98,98,9998,99999999,99,9999999999,9,5,9,9,9,9,9,9,9,9,9,9,9,9,9,1,9,0,0,144.242810569893,12,9
2400930,22,25,1-22-2024-025-06,6,2,3,1,23,98,98,9998,99999999,99,9999999999,9,5,9,9,9,9,9,9,9,9,9,9,9,9,9,5,1,1,1,25.2675524846257,12,9
2400874,11,21,1-11-2024-021-06,6,2,3,1,23,98,98,9998,99999999,99,9999999999,9,2,2,9,9,9,9,0,0,0,0,2,0,1,1,5,1,1,9,166.913722361013,8,9
2400957,73,31,1-73-2024-031-06,6,2,3,1,23,98,98,9998,99999999,99,9999999999,9,5,9,9,9,9,9,9,9,9,9,9,9,9,9,9,9,9,9,38.5374888665136,3,9
2400968,62,26,1-62-2024-026-03,3,2,2,1,23,98,98,9998,99999999,99,9999999999,9,5,1,9,9,9,9,9,9,9,9,9,9,1,9,5,1,1,1,347.553871011176,7,9
2401002,69,18,1-69-2024-018-02,2,1,2,1,21,13,23,4011,2139086,4,04/26/2022,2,1,2,2,1,1,1,9,9,1,3,9,9,1,9,5,1,1,1,17.6221452308209,8,9
2401002,69,18,1-69-2024-018-02,2,1,3,2,23,13,23,6031,2184954,6,09/14/2023,9,1,2,0,0,0,0,0,0,0,0,9,0,1,9,5,1,1,1,17.6221452308209,8,9
2401037,25,25,1-25-2024-025-09,9,2,2,1,21,13,23,9998,99999999,99,9999999999,2,2,2,2,9,9,9,5,9,1,3,3,9,1,1,5,1,1,1,483.612196811158,2,9
2401037,25,25,1-25-2024-025-09,9,2,3,2,23,98,98,9998,99999999,99,9999999999,9,2,2,9,9,9,9,0,0,0,0,0,0,1,1,3,1,1,1,483.612196811158,2,9
2401037,25,25,1-25-2024-025-09,9,2,4,3,33,98,98,9998,99999999,99,9999999999,9,2,2,9,9,9,9,0,0,0,0,0,0,1,1,3,1,0,1,483.612196811158,2,9
2401072,15,38,1-15-2024-038-03,3,1,2,1,23,98,98,9998,99999999,99,9999999999,9,5,9,9,9,9,9,9,9,9,9,9,9,9,9,5,1,1,9,16.4515804876236,1,9
2401102,48,38,1-48-2024-038-07,7,1,2,1,21,9,10,4001,50620-US-01,4,11/09/2021,2,2,2,2,1,1,1,2,1,2,1,9,0,1,1,1,1,1,1,606.894233071279,12,9
2401102,48,38,1-48-2024-038-07,7,1,3,2,22,9,10,4001,50620-US-01,4,07/14/2021,2,2,2,2,1,1,1,3,1,2,3,9,0,1,1,1,1,1,1,606.894233071279,12,9
2401102,48,38,1-48-2024-038-07,7,1,4,3,23,13,23,4018,2139291,4,12/24/2021,1,2,1,2,0,0,1,2,0,0,3,9,0,1,2,1,0,1,1,606.894233071279,12,9
2401101,62,30,1-62-2024-030-02,2,1,4,1,23,98,98,9998,99999999,99,9999999999,9,5,9,9,9,9,9,9,9,9,9,9,9,9,9,9,9,9,9,143.712548638116,7,9
2401105,48,41,1-48-2024-041-03,3,1,3,1,21,98,98,9998,99999999,99,9999999999,9,5,1,9,9,9,9,9,9,9,9,9,9,9,9,9,1,1,1,54.9604072040948,12,9
2401105,48,41,1-48-2024-041-03,3,1,4,2,23,98,98,9998,99999999,99,9999999999,9,5,1,9,9,9,9,9,9,9,9,9,9,9,9,9,1,1,1,54.9604072040948,12,9
2401116,66,23,1-66-2024-023-07,7,2,2,1,23,13,23,2059,1965896,2,04/24/2017,2,3,2,2,1,1,1,3,3,1,1,1,0,1,1,9,1,1,1,161.444955065863,6,9
2401135,82,28,1-82-2024-028-04,4,1,2,1,23,98,98,9998,99999999,99,9999999999,9,5,9,9,9,9,9,9,9,9,9,9,9,9,9,9,1,1,1,204.821008822142,1,9
2401156,60,13,1-60-2024-013-03,3,2,2,1,21,12,19,2027,34812144,2,12/09/2019,9,1,9,9,9,9,9,4,9,1,3,9,0,1,9,5,1,1,1,228.262148598629,8,9
2401165,28,29,1-28-2024-029-10,10,1,2,1,23,13,23,9998,99999999,2,9999999999,1,2,1,2,1,0,1,5,5,0,1,1,0,1,9,3,1,1,1,80.5683609045318,3,9
2401219,59,40,1-59-2024-040-07,7,2,2,1,21,38,61,6056,3001mar,6,06/06/2022,3,1,2,0,0,0,0,0,0,0,0,0,0,1,1,4,1,1,9,388.410502496422,6,9
2401219,59,40,1-59-2024-040-07,7,2,3,2,23,12,19,5039,30712344,5,03/06/2020,2,1,2,2,1,1,1,9,9,9,9,9,9,1,1,4,1,1,9,388.410502496422,6,9
2401223,54,32,1-54-2024-032-02,2,2,4,1,23,10,16,4008,cc138-efmh,4,05/09/2022,2,1,2,2,1,1,1,4,2,1,3,3,0,1,1,4,1,1,1,135.524498741715,9,9
2401223,54,32,1-54-2024-032-02,2,2,3,2,21,12,19,9998,99999999,6,9999999999,3,2,2,0,0,0,0,0,0,0,0,0,0,1,9,4,1,1,1,135.524498741715,9,9
2401223,54,32,1-54-2024-032-02,2,3,3,1,21,2,2,5001,CV88A54B,5,05/13/2016,2,2,2,2,1,1,1,2,2,1,3,3,0,1,1,4,1,1,1,135.524498741715,9,9
2401223,54,32,1-54-2024-032-02,2,3,4,2,23,10,12,6011,bc033-Fwm,6,12/06/2022,3,2,2,0,0,0,0,0,0,0,0,0,0,1,1,4,1,1,1,135.524498741715,9,9
2404448,11,135,1-11-2024-135-08,8,1,2,1,23,98,98,9998,99999999,99,9999999999,9,5,9,9,9,9,9,9,9,9,9,9,9,1,9,9,9,1,1,312.481185044212,8,9
2404567,79,90,1-79-2024-090-09,9,1,2,1,23,98,98,9998,99999999,99,9999999999,9,5,9,9,9,9,9,9,9,9,9,9,9,9,9,9,9,9,9,134.548153434236,8,9
2404606,66,93,1-66-2024-093-07,7,1,3,1,22,13,98,9998,99999999,6,9999999999,3,3,2,0,0,0,0,0,0,0,0,0,0,1,1,4,1,0,1,456.257481707874,6,9
2404642,33,90,1-33-2024-090-03,3,1,3,1,21,13,23,4018,1999656,4,07/16/2020,2,1,2,2,1,1,1,2,5,2,1,1,0,1,1,3,1,1,1,58.9276403435907,12,9
2404642,33,90,1-33-2024-090-03,3,1,4,2,23,13,23,2054,1963212,2,08/24/2020,1,3,1,2,1,0,1,2,5,0,1,1,0,1,2,3,1,1,1,58.9276403435907,12,9
2404663,59,134,1-59-2024-134-07,7,1,2,1,21,10,16,9998,99999999,5,9999999999,3,2,2,0,0,1,1,0,0,2,1,0,0,1,1,3,1,1,1,1904.3147389407,6,9
2404691,19,62,1-19-2024-062-10,10,1,3,1,22,39,62,1050,sp101-10-006-003,1,12/01/2018,1,2,1,2,1,0,1,2,3,0,0,4,0,1,1,4,1,0,0,6669.19330829912,9,9
2404691,19,62,1-19-2024-062-10,10,1,2,2,21,10,12,5033,bc110-3jv,5,08/19/2019,2,2,2,2,1,1,1,4,3,2,1,1,0,1,1,2,1,1,1,6669.19330829912,9,9
2401381,79,30,1-79-2024-030-03,3,2,2,1,23,98,98,9998,99999999,99,9999999999,9,5,9,9,9,9,9,9,9,9,9,9,9,9,9,5,9,9,9,134.621776940086,8,9
2401394,25,30,1-25-2024-030-09,9,1,2,1,23,13,23,2054,1963211,2,09/07/2021,2,3,2,2,1,1,1,2,5,1,3,2,0,1,9,4,1,1,1,123.800297630527,2,9
2401439,26,36,1-26-2024-036-06,6,1,4,1,22,6,6,2051,7974023007,2,03/01/2021,2,1,2,2,1,1,1,2,9,1,3,2,9,1,9,4,1,1,1,468.146518591354,10,9
2401463,31,30,1-31-2024-030-10,10,1,3,1,21,98,98,9998,99999999,99,9999999999,9,1,9,9,9,9,9,9,9,9,9,9,9,9,9,3,1,1,1,730.093202930715,6,9
2401463,31,30,1-31-2024-030-10,10,1,4,2,23,98,98,9998,99999999,99,9999999999,9,1,9,9,9,9,9,9,9,9,9,9,9,9,9,3,1,1,1,730.093202930715,6,9
2401486,59,46,1-59-2024-046-04,4,1,3,1,21,10,16,4008,99999999,4,9999999999,2,2,2,2,1,1,1,2,3,1,3,3,0,1,1,4,1,1,1,188.953461767209,6,9
2401486,59,46,1-59-2024-046-04,4,1,4,2,22,10,16,4008,99999999,4,9999999999,2,2,2,2,1,1,1,2,3,1,3,3,0,1,1,4,1,1,1,188.953461767209,6,9
2401222,23,20,1-23-2024-020-02,2,1,2,1,21,98,98,9998,99999999,99,9999999999,9,5,2,9,9,9,9,9,9,9,9,9,9,1,9,9,9,9,9,62.9617318466021,5,9
2401253,30,44,1-30-2024-044-02,2,1,2,1,21,98,98,9998,99999999,99,9999999999,9,5,9,9,9,9,9,9,9,9,9,9,9,9,9,5,1,0,1,41.0620689400047,10,9
2401253,30,44,1-30-2024-044-02,2,1,3,2,22,98,98,9998,99999999,99,9999999999,9,5,9,9,9,9,9,9,9,9,9,9,9,9,9,5,1,1,1,41.0620689400047,10,9
2404691,19,62,1-19-2024-062-10,10,1,6,3,33,9,10,4016,50620-us-01,4,09/24/2022,2,2,2,2,1,1,1,3,3,2,1,1,0,1,1,2,0,1,1,6669.19330829912,9,9
2404744,21,109,1-21-2024-109-03,3,2,3,1,21,98,98,9998,99999999,99,9999999999,9,2,1,9,9,9,9,5,5,0,9,9,9,1,9,5,9,1,1,210.450883320732,11,9
2404744,21,109,1-21-2024-109-03,3,2,5,2,31,10,16,9998,99999999,5,9999999999,2,2,2,2,1,9,9,2,5,9,9,3,9,1,9,5,9,1,1,210.450883320732,11,9
2404765,30,162,1-30-2024-162-03,3,2,2,1,23,98,98,9998,99999999,99,9999999999,9,5,9,9,9,9,9,9,9,9,9,9,9,9,9,9,9,9,9,790.869505357685,10,9
2404778,59,141,1-59-2024-141-03,3,2,3,1,21,10,16,4014,CC325-FYI,4,03/01/2024,1,1,1,2,1,0,1,4,5,0,1,4,0,1,2,4,1,1,1,42.3023913828698,6,9
2404791,48,154,1-48-2024-154-09,9,1,2,1,21,10,12,5033,WCICo29929,5,07/21/2021,2,3,2,2,1,1,1,3,3,2,1,2,0,1,1,2,1,1,1,94.8892869895368,12,9
2404791,48,154,1-48-2024-154-09,9,1,3,2,23,12,19,4021,39312398,4,01/15/2021,1,3,1,2,1,0,1,3,3,0,3,4,0,1,2,2,1,1,1,94.8892869895368,12,9
2404791,48,154,1-48-2024-154-09,9,1,4,3,33,38,61,5038,71900BAT,2,04/09/2019,2,3,2,2,1,1,1,3,3,2,3,3,0,1,1,2,2,0,1,94.8892869895368,12,9
2404773,62,141,1-62-2024-141-03,3,1,3,1,23,98,98,9998,99999999,99,9999999999,9,5,1,9,9,9,9,9,9,9,9,9,9,1,9,5,1,1,1,349.92167787248,7,9
2404822,11,145,1-11-2024-145-03,3,2,3,1,23,10,16,2053,CC078-CMIA,2,03/27/2024,2,1,2,2,1,1,1,9,9,9,9,9,9,1,9,1,2,1,9,1695.08681338025,8,9
2404822,11,145,1-11-2024-145-03,3,2,2,2,21,13,23,6031,1973649,6,12/07/2017,3,1,2,9,1,9,9,9,9,9,9,0,9,1,9,2,2,9,9,1695.08681338025,8,9
2404877,82,135,1-82-2024-135-06,6,1,3,1,23,98,98,9998,99999999,99,9999999999,9,5,9,9,9,9,9,9,9,9,9,9,9,9,9,5,1,1,1,220.40468525162,1,9
2404897,62,146,1-62-2024-146-06,6,3,2,1,23,13,23,6031,1874739,6,01/13/2020,3,1,2,0,0,0,0,0,0,0,0,0,0,1,1,3,1,1,1,863.125631210421,7,9
2404948,60,74,1-60-2024-074-03,3,2,3,1,23,10,16,4004,99999999,4,9999999999,2,2,2,2,1,1,1,3,3,1,3,3,0,1,1,4,1,1,1,707.484363933041,8,9
2404974,27,154,1-27-2024-154-09,9,1,3,1,23,98,98,9998,99999999,99,9999999999,9,2,2,9,9,9,9,5,3,2,1,0,0,1,1,5,1,1,1,183.824915190575,3,9
2404976,27,156,1-27-2024-156-03,3,1,3,1,23,10,12,2014,cc254-FMB,2,01/22/2024,2,1,2,2,1,1,1,3,3,2,3,3,0,1,1,4,1,1,1,18.7327308831734,3,9
2405665,54,125,1-54-2024-125-07,7,2,2,1,21,12,19,4021,39312349,4,11/22/2021,2,2,2,2,1,1,1,2,9,2,1,9,9,1,1,5,1,1,1,163.639088013261,9,9
2405665,54,125,1-54-2024-125-07,7,2,4,2,23,98,98,9998,99999999,99,9999999999,9,2,9,9,9,9,9,9,9,9,9,9,9,1,1,5,1,9,9,163.639088013261,9,9
2405665,54,125,1-54-2024-125-07,7,2,3,3,22,98,98,9998,99999999,99,9999999999,9,2,9,9,9,9,9,9,9,9,9,9,9,1,1,5,1,9,9,163.639088013261,9,9
2405705,24,158,1-24-2024-158-03,3,1,3,1,22,98,98,9998,99999999,99,9999999999,9,2,9,9,9,9,9,9,9,9,9,9,9,9,9,9,9,9,9,101.740335153597,1,9
2405747,33,108,1-33-2024-108-03,3,1,3,1,21,98,98,9998,99999999,99,9999999999,9,5,9,9,9,9,9,9,9,9,9,9,9,9,9,9,1,1,0,23.6193822392045,12,9
2401256,18,48,1-18-2024-048-03,3,2,3,1,23,4,4,4027,99999999,4,9999999999,1,3,1,2,1,0,1,3,3,0,1,4,4,1,2,4,1,1,1,45.4141790035401,6,9
2401282,32,43,1-32-2024-043-02,2,1,2,1,23,98,98,9998,99999999,99,9999999999,9,5,9,9,9,9,9,9,9,9,9,9,9,9,9,9,9,9,9,4.13903443658647,7,9
2401289,14,19,1-14-2024-019-04,4,2,2,1,21,98,98,9998,99999999,99,9999999999,9,5,2,9,9,9,9,9,9,9,9,9,9,1,9,5,1,1,1,924.75131399512,8,9
2401320,30,45,1-30-2024-045-01,1,1,3,1,23,10,16,4005,CC081-FSM,4,03/15/2018,2,1,2,2,1,1,1,3,9,1,3,3,9,1,9,9,1,0,0,103.130123271809,10,9
2401323,27,44,1-27-2024-044-09,9,1,3,1,23,10,12,4002,CC285-GHG,4,01/13/2023,2,3,2,2,1,1,1,2,3,1,3,3,0,1,1,4,1,1,1,158.05014073623,3,9
2401330,31,28,1-31-2024-028-03,3,1,5,1,23,38,61,5038,40000SPD,5,07/02/2021,2,1,2,2,1,1,1,9,9,9,9,0,9,1,9,3,1,0,0,151.964719784207,6,9
2401354,10,21,1-10-2024-021-02,2,2,4,1,23,98,98,9998,99999999,99,9999999999,9,5,9,9,9,9,9,9,9,9,9,9,9,9,9,9,9,9,9,22.3566511295402,4,9
2401390,17,42,1-17-2024-042-06,6,2,3,1,21,98,98,9998,99999999,99,9999999999,9,5,9,9,9,9,9,9,9,9,9,9,9,1,9,5,1,1,1,94.3786367934732,4,9
2401501,54,37,1-54-2024-037-04,4,2,2,1,21,98,98,9998,99999999,99,9999999999,9,5,9,9,9,9,9,9,9,9,9,9,9,1,9,5,1,1,1,152.997399597271,9,9
2401534,12,27,1-12-2024-027-10,10,2,2,1,21,12,19,6023,36512385,6,07/26/2021,3,3,2,0,0,0,0,0,0,0,0,0,0,1,1,4,1,1,1,10950.8685767775,9,9
2401534,12,27,1-12-2024-027-10,10,2,3,2,23,12,19,5016,30712344,5,02/21/2023,2,3,2,2,1,1,1,3,3,1,3,3,0,1,1,4,1,1,1,10950.8685767775,9,9
2401548,25,36,1-25-2024-036-06,6,2,2,1,23,13,23,4018,1980623,4,04/01/2021,2,3,2,2,1,1,1,5,5,2,3,0,0,1,1,3,1,1,1,135.065796727433,2,9
2401556,16,46,1-16-2024-046-07,7,2,2,1,21,98,98,9998,99999999,99,9999999999,9,5,2,9,9,9,9,9,9,9,9,9,9,1,9,3,1,1,1,3239.15555206761,5,9
2401556,16,46,1-16-2024-046-07,7,2,3,2,23,98,98,9998,99999999,99,9999999999,9,5,2,9,9,9,9,9,9,9,9,9,9,1,9,3,1,1,1,3239.15555206761,5,9
2401556,16,46,1-16-2024-046-07,7,2,4,3,31,98,98,9998,99999999,99,9999999999,9,5,2,9,9,9,9,9,9,9,9,9,9,1,9,3,1,1,1,3239.15555206761,5,9
2401556,16,46,1-16-2024-046-07,7,2,5,4,33,98,98,9998,99999999,99,9999999999,9,5,2,9,9,9,9,9,9,9,9,9,9,1,9,3,1,1,1,3239.15555206761,5,9
2401581,15,60,1-15-2024-060-03,3,2,2,1,23,13,23,4018,pd348853c,4,9999999999,2,1,9,2,1,1,1,9,9,9,9,9,9,9,9,5,1,1,1,43.1856179301711,1,9
2400528,29,9,1-29-2024-009-06,6,2,3,1,23,98,98,9998,99999999,99,9999999999,9,5,9,9,9,9,9,9,9,9,9,9,9,9,9,9,1,1,9,1541.32684243005,2,9
2401591,28,41,1-28-2024-041-08,8,1,2,1,23,13,23,9998,99999999,3,9999999999,2,2,2,2,9,9,9,5,3,1,3,9,9,1,1,5,1,1,1,48.0385140677194,3,9
2401614,59,50,1-59-2024-050-03,3,2,2,1,13,98,98,9998,99999999,99,9999999999,9,5,2,9,9,9,9,9,9,9,9,9,9,1,9,1,1,0,0,45.7235198932283,6,9
2401620,23,24,1-23-2024-024-03,3,2,3,1,23,98,98,9998,99999999,99,9999999999,9,5,2,9,9,9,9,9,9,9,9,9,9,1,9,5,9,1,1,140.549541808304,5,9
2401671,25,40,1-25-2024-040-09,9,1,2,1,21,10,16,4008,CC284-GCK,4,03/26/2021,2,1,2,2,1,1,1,5,5,9,3,3,0,1,1,5,1,1,1,132.614575781808,2,9
2401692,52,24,1-52-2024-024-03,3,2,2,1,21,95,95,5950,99999999,5,9999999999,2,1,2,2,1,0,0,5,3,0,0,0,0,1,1,1,2,1,1,14.3319114740878,12,9
2401697,66,40,1-66-2024-040-10,10,2,4,1,23,13,23,6031,1920047,6,12/23/2015,3,3,2,0,0,0,0,0,0,0,0,0,0,1,8,3,1,1,1,242.389498710963,6,9
2401732,76,47,1-76-2024-047-04,4,1,3,1,23,10,16,9998,99999999,3,9999999999,9,2,9,9,9,9,9,9,9,9,9,9,9,1,9,9,9,9,9,466.820603617286,3,9
2404976,27,156,1-27-2024-156-03,3,1,2,2,21,10,12,4002,cc319-gzh2,4,07/02/2024,2,3,2,2,1,1,1,3,3,2,3,3,0,1,1,4,1,1,1,18.7327308831734,3,9
2404976,27,156,1-27-2024-156-03,3,1,4,3,33,10,12,4002,cc319-gzd2,4,06/11/2024,2,1,2,2,1,1,1,2,3,2,3,3,0,1,1,4,1,1,1,18.7327308831734,3,9
2404998,28,157,1-28-2024-157-04,4,3,3,1,21,13,23,6031,2101721,6,12/02/2019,3,2,2,0,0,0,0,0,0,0,0,0,0,1,1,5,1,1,9,47.851485985308,3,9
2405017,59,147,1-59-2024-147-05,5,1,3,1,22,13,23,4011,2075106,4,01/14/2021,2,1,2,2,1,1,1,2,3,2,1,2,0,1,2,4,1,1,1,53.1907731759788,6,9
2405015,81,128,1-81-2024-128-07,7,2,2,1,99,98,98,9998,99999999,99,9999999999,9,2,9,9,9,9,9,5,9,9,9,9,9,9,9,3,1,1,1,11794.2038037789,8,9
2405015,81,128,1-81-2024-128-07,7,2,3,2,99,98,98,9998,99999999,99,9999999999,9,2,2,9,9,9,9,9,0,9,9,9,9,9,9,3,1,1,1,11794.2038037789,8,9
2405047,33,97,1-33-2024-097-NM1,21,1,3,1,23,98,98,9998,99999999,99,9999999999,9,3,2,9,9,9,9,9,9,9,9,9,9,1,9,9,1,9,9,55.4261582929793,12,9
2405072,60,76,1-60-2024-076-01,1,1,2,1,21,13,23,9998,99999999,2,9999999999,2,2,2,2,1,1,1,3,5,1,3,3,0,1,1,3,1,1,1,40.1207873048432,8,9
2406145,12,124,1-12-2024-124-09,9,1,2,1,23,6,6,6054,04079764230070,6,11/01/2020,3,1,2,0,0,0,1,0,0,0,0,0,0,1,1,5,1,0,0,884.878645052102,9,9
2406154,69,159,1-69-2024-159-04,4,2,3,1,21,98,98,9998,99999999,99,9999999999,9,5,9,9,9,9,9,9,9,9,9,9,9,9,9,9,9,9,9,208.229237945387,8,9
2406169,24,169,1-24-2024-169-01,1,1,2,1,23,98,98,9998,99999999,99,9999999999,9,1,9,9,9,9,9,9,9,9,9,9,9,1,9,9,9,9,9,23.1726143074507,1,9
2406191,52,61,1-52-2024-061-06,6,2,3,1,21,10,12,2014,cc254-FMA,2,06/09/2024,2,2,2,2,1,1,1,3,5,9,3,3,9,1,9,9,9,1,1,252.857744755917,12,9
2406197,73,154,1-73-2024-154-03,3,1,3,1,21,13,23,4011,2074900 JJ,4,01/13/2022,2,2,2,2,1,1,1,5,3,2,3,3,0,1,9,4,1,1,1,49.7668221990478,3,9
2406197,73,154,1-73-2024-154-03,3,1,4,2,23,13,23,4011,2074607,4,10/07/2023,1,1,1,2,1,0,1,5,3,0,1,1,0,1,9,3,1,1,1,49.7668221990478,3,9
2406222,66,122,1-66-2024-122-10,10,2,5,1,31,4,98,9998,99999999,6,9999999999,3,2,2,0,0,0,0,0,0,0,0,0,0,1,1,3,1,1,1,242.389498710963,6,9
2406222,66,122,1-66-2024-122-10,10,2,3,2,23,13,98,9998,99999999,6,9999999999,3,2,2,0,0,0,0,0,0,0,0,0,0,1,1,5,1,1,1,242.389498710963,6,9
