CASEID,PSU,CASENO,CASENUMBER,CATEGORY,VEHNO,DISTRACTN,CASEWGT,PSUSTRAT,VERSION
2401904,73,60,1-73-2024-060-03,3,1,9,68.2979904850395,3,9
2405150,62,153,1-62-2024-153-06,6,1,1,1749.72999838321,7,9
2400547,59,19,1-59-2024-019-04,4,1,9,105.325659634205,6,9
2403985,27,124,1-27-2024-124-06,6,1,3,172.570486288372,3,9
2401163,25,28,1-25-2024-028-03,3,1,10,55.0753664902521,2,9
2404532,77,144,1-77-2024-144-09,9,1,1,74.095201462238,9,9
2402829,20,80,1-20-2024-080-03,3,1,10,81.8606256970461,11,9
2402190,19,31,1-19-2024-031-03,3,1,1,109.751530405425,9,9
2400032,19,1,1-19-2024-001-04,4,1,10,686.171980556767,9,9
2405485,30,188,1-30-2024-188-NM1,21,2,10,122.593345242516,10,9
2404011,52,43,1-52-2024-043-02,2,1,1,21.737445977484,12,9
2401429,52,19,1-52-2024-019-07,7,1,99,2619.08789895051,12,9
2403201,17,98,1-17-2024-098-08,8,1,1,98.1097831692489,4,9
2405242,17,171,1-17-2024-171-NM2,22,1,2,85.8489914277837,4,9
2402611,22,75,1-22-2024-075-10,10,1,6,185.561788413348,12,9
2401406,14,20,1-14-2024-020-04,4,1,2,450.741350654507,8,9
2404303,73,117,1-73-2024-117-03,3,1,8,111.013202420727,3,9
2402631,15,101,1-15-2024-101-04,4,1,1,60.8903261931205,1,9
2406212,66,120,1-66-2024-120-09,9,1,99,97.5596917228585,6,9
2405714,76,165,1-76-2024-165-07,7,1,1,318.840064048268,3,9
2401741,77,58,1-77-2024-058-06,6,1,2,216.01935162615,9,9
2400759,30,24,1-30-2024-024-02,2,1,3,18.7124163743047,10,9
2401008,17,32,1-17-2024-032-04,4,1,2,131.910982492372,4,9
2402076,66,50,1-66-2024-050-04,4,1,99,114.973892842,6,9
2401990,21,39,1-21-2024-039-09,9,1,6,1610.50311914975,11,9
2401300,22,39,1-22-2024-039-05,5,1,1,25.2675524846257,12,9
2400553,77,17,1-77-2024-017-05,5,1,1,90.6570748528622,9,9
2403315,18,93,1-18-2024-093-05,5,1,10,50.9427492020977,6,9
2401692,52,24,1-52-2024-024-03,3,2,8,14.3319114740878,12,9
2403507,26,101,1-26-2024-101-02,2,1,1,22.5600458961745,10,9
2400902,52,12,1-52-2024-012-06,6,1,9,98.2336933778546,12,9
2404197,28,130,1-28-2024-130-03,3,1,1,28.3089754479373,3,9
2405771,57,179,1-57-2024-179-06,6,1,99,210.079816306198,1,9
2405139,12,101,1-12-2024-101-03,3,1,1,164.057323491007,9,9
2405210,52,51,1-52-2024-051-07,7,1,3,1637.98271959596,12,9
2404214,19,55,1-19-2024-055-04,4,1,8,515.327236385689,9,9
2404214,19,55,1-19-2024-055-04,4,1,9,515.327236385689,9,9
2405897,73,149,1-73-2024-149-05,5,1,3,47.7981654710363,3,9
2404452,25,117,1-25-2024-117-04,4,1,9,213.041617839475,2,9
2403172,77,107,1-77-2024-107-09,9,1,8,2300.04288758448,9,9
2400848,79,21,1-79-2024-021-03,3,1,10,104.756877618907,8,9
2400871,33,13,1-33-2024-013-04,4,1,7,111.292117176714,12,9
2404191,76,117,1-76-2024-117-03,3,1,99,71.5495535595937,3,9
2404191,76,117,1-76-2024-117-03,3,2,99,71.5495535595937,3,9
2402391,21,48,1-21-2024-048-03,3,1,1,176.256888971489,11,9
2404306,33,82,1-33-2024-082-03,3,1,3,18.8602680088243,12,9
2403026,31,61,1-31-2024-061-07,7,1,10,230.868935151332,6,9
2401157,16,34,1-16-2024-034-06,6,1,9,444.975684448216,5,9
2401698,66,41,1-66-2024-041-09,9,1,7,97.5596917228585,6,9
2400370,28,6,1-28-2024-006-09,9,1,5,112.3042323572,3,9
2401011,48,36,1-48-2024-036-03,3,1,1,54.9604072040948,12,9
2404924,12,94,1-12-2024-094-NM1,21,1,7,263.286057296844,9,9
2403141,22,93,1-22-2024-093-07,7,1,9,606.719973233017,12,9
2404801,69,112,1-69-2024-112-02,2,1,8,7.30201599951961,8,9
2402299,48,74,1-48-2024-074-09,9,1,9,69.6007046591066,12,9
2400639,18,22,1-18-2024-022-03,3,1,10,34.6070615401308,6,9
2405903,54,127,1-54-2024-127-08,8,1,1,183.997323343744,9,9
2401907,12,34,1-12-2024-034-07,7,1,8,576.109319146399,9,9
2401280,25,29,1-25-2024-029-05,5,1,3,78.4416239674917,2,9
2402940,73,85,1-73-2024-085-06,6,1,1,37.0946854309253,3,9
2403427,67,17,1-67-2024-017-06,6,1,99,530.56013412696,7,9
2400934,32,30,1-32-2024-030-01,1,1,8,68.3257663555808,7,9
2401767,73,56,1-73-2024-056-04,4,1,3,69.1640093839777,3,9
2404423,33,85,1-33-2024-085-03,3,1,9,39.2891207375412,12,9
2405594,27,174,1-27-2024-174-NM2,22,1,2,41.6395308351094,3,9
2402986,14,48,1-14-2024-048-04,4,1,1,1305.4208101719,8,9
2406281,52,63,1-52-2024-063-NM2,22,1,2,99.7929570162416,12,9
2404964,28,155,1-28-2024-155-07,7,1,1,112.67681252621,3,9
2404022,22,122,1-22-2024-122-08,8,1,5,32.2342128751331,12,9
2405989,76,175,1-76-2024-175-04,4,1,10,86.4714255045695,3,9
2400925,26,19,1-26-2024-019-05,5,1,9,43.8292003608038,10,9
2406089,11,182,1-11-2024-182-02,2,1,10,30.7614595081659,8,9
2401518,18,58,1-18-2024-058-08,8,2,99,56.5663772378367,6,9
2401420,27,48,1-27-2024-048-10,10,1,8,370.559341949188,3,9
2404417,73,119,1-73-2024-119-03,3,1,9,75.9496497438155,3,9
2400679,24,14,1-24-2024-014-07,7,1,99,456.632617918593,1,9
2403189,73,93,1-73-2024-093-01,1,1,99,33.7080746605346,3,9
2402205,24,55,1-24-2024-055-03,3,1,1,25.0633899458079,1,9
2401861,30,61,1-30-2024-061-07,7,1,9,2272.42307235268,10,9
2403965,12,71,1-12-2024-071-03,3,1,10,164.057323491007,9,9
2400977,54,24,1-54-2024-024-05,5,1,6,144.976226836895,9,9
2401309,82,32,1-82-2024-032-10,10,1,2,7602.82091849432,1,9
2406052,19,90,1-19-2024-090-02,2,1,6,45.0884525586451,9,9
2403775,59,117,1-59-2024-117-04,4,1,1,568.619671044969,6,9
2405982,22,180,1-22-2024-180-03,3,1,6,33.5921534966532,12,9
2402140,77,71,1-77-2024-071-NM1,21,1,99,113.21347390618,9,9
2400148,79,6,1-79-2024-006-09,9,1,2,134.548153434236,8,9
2405435,66,105,1-66-2024-105-08,8,1,1,134.761595455619,6,9
2404439,66,90,1-66-2024-090-03,3,1,2,90.2108501600037,6,9
2404868,22,146,1-22-2024-146-07,7,1,9,197.739270609814,12,9
2405458,25,146,1-25-2024-146-03,3,1,99,50.2410261946928,2,9
2401854,66,43,1-66-2024-043-10,10,1,1,242.389498710963,6,9
2401903,73,59,1-73-2024-059-02,2,1,1,31.8497733664116,3,9
2405813,25,157,1-25-2024-157-10,10,1,3,3935.61438961131,2,9
2405243,25,140,1-25-2024-140-03,3,1,1,86.4115838760651,2,9
2402687,19,35,1-19-2024-035-05,5,1,1,51.8841213437829,9,9
2401236,48,43,1-48-2024-043-08,8,1,9,104.372049299083,12,9
2402902,12,48,1-12-2024-048-02,2,1,1,228.584675358371,9,9
2404845,52,48,1-52-2024-048-03,3,1,99,163.738317035802,12,9
2403961,33,71,1-33-2024-071-03,3,1,10,17.2161737549189,12,9
2404035,66,82,1-66-2024-082-06,6,1,1,124.972344097308,6,9
2400125,66,3,1-66-2024-003-03,3,1,1,79.4686416678806,6,9
2400546,81,15,1-81-2024-015-09,9,1,9,10746.2349441596,8,9
2400766,12,16,1-12-2024-016-08,8,1,10,453.341827207528,9,9
2404553,48,148,1-48-2024-148-07,7,1,10,103.361334065564,12,9
2404184,77,137,1-77-2024-137-04,4,1,99,1331.89082639484,9,9
2402561,54,64,1-54-2024-064-10,10,1,6,446.109905627319,9,9
2403912,21,82,1-21-2024-082-01,1,1,9,117.649349567078,11,9
2401256,18,48,1-18-2024-048-03,3,1,10,45.4141790035401,6,9
2400995,82,26,1-82-2024-026-04,4,1,3,358.918120939719,1,9
2402916,59,93,1-59-2024-093-04,4,2,7,187.064544442781,6,9
2401724,22,52,1-22-2024-052-NM2,22,1,2,30.6635507189318,12,9
2404071,48,130,1-48-2024-130-06,6,1,10,420.915271729304,12,9
2406278,11,189,1-11-2024-189-03,3,1,1,337.618780570381,8,9
2401747,59,57,1-59-2024-057-09,9,1,7,544.058692708323,6,9
2401108,18,41,1-18-2024-041-07,7,1,9,726.729956937561,6,9
2403501,28,103,1-28-2024-103-09,9,1,1,42.1140871339499,3,9
2403931,52,42,1-52-2024-042-04,4,1,10,253.578816658525,12,9
2401177,52,15,1-52-2024-015-09,9,1,5,308.439233897572,12,9
2402434,30,83,1-30-2024-083-NM2,22,1,10,361.666104097377,10,9
2404758,22,144,1-22-2024-144-06,6,1,5,83.3531700651186,12,9
2404426,12,83,1-12-2024-083-07,7,1,9,1361.49270117535,9,9
2402150,59,69,1-59-2024-069-09,9,1,9,179.442682313889,6,9
2401154,24,25,1-24-2024-025-06,6,2,7,116.94575801916,1,9
2404781,10,89,1-10-2024-089-04,4,1,9,842.377586011299,4,9
2403547,62,96,1-62-2024-096-02,2,1,1,27.4104501869369,7,9
2402557,73,77,1-73-2024-077-09,9,1,1,37.2128206324797,3,9
2401893,18,67,1-18-2024-067-06,6,1,3,256.576748444126,6,9
2403198,33,54,1-33-2024-054-NM1,21,1,10,55.7364737376608,12,9
2403524,21,72,1-21-2024-072-NM1,21,1,9,9.710167648307,11,9
2403006,26,89,1-26-2024-089-03,3,1,99,282.561730241079,10,9
2406178,76,186,1-76-2024-186-02,2,1,1,69.290638741677,3,9
2401183,22,34,1-22-2024-034-NM2,22,1,10,24.4305122731702,12,9
2401578,18,59,1-18-2024-059-09,9,1,1,363.748138569445,6,9
2401037,25,25,1-25-2024-025-09,9,2,8,483.612196811158,2,9
2405021,62,148,1-62-2024-148-02,2,1,1,40.5230025519482,7,9
2402365,82,57,1-82-2024-057-03,3,1,1,157.899502135521,1,9
2404898,59,142,1-59-2024-142-03,3,1,10,36.1342171260839,6,9
2403722,28,114,1-28-2024-114-07,7,1,1,44.330330715033,3,9
2404718,28,144,1-28-2024-144-06,6,1,1,44.5186799027896,3,9
2401801,14,29,1-14-2024-029-03,3,1,3,228.862516808655,8,9
2403284,59,105,1-59-2024-105-04,4,1,2,177.015010442225,6,9
2404065,73,114,1-73-2024-114-02,2,1,3,31.8497733664116,3,9
2404409,48,144,1-48-2024-144-07,7,1,10,320.637738411807,12,9
2406332,66,124,1-66-2024-124-07,7,1,1,133.367571576148,6,9
2403035,81,67,1-81-2024-067-07,7,1,10,4486.82633832714,8,9
2404466,28,137,1-28-2024-137-04,4,1,9,47.851485985308,3,9
2404472,52,46,1-52-2024-046-03,3,1,99,474.51953142531,12,9
2404217,66,85,1-66-2024-085-03,3,1,3,79.4686416678806,6,9
2403825,52,40,1-52-2024-040-04,4,2,9,190.197325229234,12,9
2401515,73,49,1-73-2024-049-09,9,1,1,104.13258287305,3,9
2401171,27,39,1-27-2024-039-02,2,1,3,16.0023432140122,3,9
2404420,18,117,1-18-2024-117-01,1,1,8,63.8166126674341,6,9
2405992,76,178,1-76-2024-178-10,10,1,1,654.899657959584,3,9
2403135,26,94,1-26-2024-094-03,3,1,10,146.032571117139,10,9
2402803,54,74,1-54-2024-074-10,10,1,8,743.516509378865,9,9
2400124,66,2,1-66-2024-002-04,4,1,2,114.973892842,6,9
2401784,12,32,1-12-2024-032-06,6,1,5,558.459080550855,9,9
2403587,69,78,1-69-2024-078-05,5,1,99,8.16798412113843,8,9
2405508,59,163,1-59-2024-163-02,2,1,99,48.7900687173874,6,9
2406052,19,90,1-19-2024-090-02,2,1,8,45.0884525586451,9,9
2400954,59,32,1-59-2024-032-07,7,1,1,1121.12083244465,6,9
2404606,66,93,1-66-2024-093-07,7,1,10,456.257481707874,6,9
2400407,29,7,1-29-2024-007-04,4,1,3,3101.68332155677,2,9
2403845,11,116,1-11-2024-116-04,4,1,1,530.793567452246,8,9
2401595,66,36,1-66-2024-036-09,9,1,9,97.5596917228585,6,9
2401781,30,59,1-30-2024-059-05,5,1,4,20.1359424598253,10,9
2404486,26,110,1-26-2024-110-05,5,1,1,336.483872205798,10,9
2405296,19,74,1-19-2024-074-09,9,1,9,803.524783167018,9,9
2403204,17,101,1-17-2024-101-06,6,1,1,349.164684359284,4,9
2405860,21,143,1-21-2024-143-03,3,1,1,591.415698550646,11,9
2405147,48,168,1-48-2024-168-10,10,1,9,234.818157575356,12,9
2404649,29,68,1-29-2024-068-03,3,1,6,576.552709834615,2,9
2401993,22,59,1-22-2024-059-07,7,1,7,77.3544414610742,12,9
2403347,24,93,1-24-2024-093-05,5,1,10,24.2721053029394,1,9
2400768,17,22,1-17-2024-022-07,7,1,1,334.329957078067,4,9
2401260,17,41,1-17-2024-041-07,7,1,9,243.718011272748,4,9
2404847,28,151,1-28-2024-151-07,7,1,6,44.330330715033,3,9
2405339,27,167,1-27-2024-167-09,9,1,3,190.105427667502,3,9
2403939,62,110,1-62-2024-110-02,2,1,9,27.4104501869369,7,9
2403224,76,85,1-76-2024-085-04,4,1,99,159.257021770113,3,9
2405133,81,129,1-81-2024-129-05,5,1,3,118.464453728865,8,9
2405133,81,129,1-81-2024-129-05,5,1,5,118.464453728865,8,9
2404137,22,124,1-22-2024-124-06,6,1,3,70.32612198018,12,9
2403069,69,59,1-69-2024-059-01,1,1,1,7.66811372485411,8,9
2401446,22,42,1-22-2024-042-06,6,1,10,36.9156947743252,12,9
2400911,66,18,1-66-2024-018-04,4,1,1,114.973892842,6,9
2400413,15,15,1-15-2024-015-03,3,1,1,14.5436393843836,1,9
2401695,66,38,1-66-2024-038-10,10,1,1,242.389498710963,6,9
2405323,11,159,1-11-2024-159-09,9,1,10,1362.81724767285,8,9
2405086,66,99,1-66-2024-099-06,6,1,3,172.523827899835,6,9
2403308,48,109,1-48-2024-109-06,6,1,1,93.2394399188157,12,9
2404304,33,80,1-33-2024-080-09,9,1,9,187.781585730197,12,9
2401791,20,51,1-20-2024-051-04,4,1,3,238.680467959212,11,9
2405286,79,101,1-79-2024-101-09,9,1,4,2059.78125642757,8,9
2401399,24,32,1-24-2024-032-03,3,1,10,45.4386068459632,1,9
2405727,27,177,1-27-2024-177-03,3,1,10,15.4192274038201,3,9
2404104,11,125,1-11-2024-125-10,10,1,9,9825.60230602596,8,9
2403849,62,106,1-62-2024-106-NM1,21,1,2,41.0383325582026,7,9
2405378,30,183,1-30-2024-183-03,3,1,8,200.251916084177,10,9
2404539,23,43,1-23-2024-043-08,8,1,10,321.815573903179,5,9
2406113,69,157,1-69-2024-157-03,3,1,10,30.8763495381706,8,9
2400460,20,9,1-20-2024-009-10,10,1,9,4482.88774982948,11,9
2405621,76,162,1-76-2024-162-07,7,1,9,833.706847866869,3,9
2403764,28,115,1-28-2024-115-10,10,1,1,187.992842110574,3,9
2401440,26,37,1-26-2024-037-06,6,1,6,468.146518591354,10,9
2403123,26,90,1-26-2024-090-06,6,1,99,454.400298946999,10,9
2403455,12,59,1-12-2024-059-06,6,1,3,481.477047572144,9,9
2405115,21,120,1-21-2024-120-05,5,1,1,22.3979516230092,11,9
2402791,81,57,1-81-2024-057-02,2,2,10,22.2702980877148,8,9
2404142,54,99,1-54-2024-099-09,9,1,1,260.857597244036,9,9
2402553,14,42,1-14-2024-042-04,4,1,99,528.191248764713,8,9
2404311,19,58,1-19-2024-058-NM1,21,1,1,58.1964149408969,9,9
2404311,19,58,1-19-2024-058-NM1,21,1,10,58.1964149408969,9,9
2405470,31,117,1-31-2024-117-05,5,1,1,223.697137607501,6,9
2401866,77,65,1-77-2024-065-08,8,1,9,206.918069773792,9,9
2405161,77,164,1-77-2024-164-05,5,1,6,90.6570748528622,9,9
2405925,79,115,1-79-2024-115-05,5,1,9,121.577378642075,8,9
2401016,24,22,1-24-2024-022-NM1,21,1,99,81.6170730667138,1,9
2401603,82,38,1-82-2024-038-03,3,1,2,106.104530068342,1,9
2403695,17,116,1-17-2024-116-02,2,1,9,95.1292066667208,4,9
2404574,17,146,1-17-2024-146-06,6,1,1,124.923558977053,4,9
2401697,66,40,1-66-2024-040-10,10,1,1,242.389498710963,6,9
2400369,57,8,1-57-2024-008-08,8,1,10,73.1668973237709,1,9
2405238,22,161,1-22-2024-161-NM2,22,1,2,45.2877985053891,12,9
2402559,73,79,1-73-2024-079-06,6,1,9,37.0946854309253,3,9
2405808,24,161,1-24-2024-161-09,9,1,9,436.850323051849,1,9
2406372,18,157,1-18-2024-157-06,6,1,10,92.770740395174,6,9
2401085,77,38,1-77-2024-038-NM2,22,1,2,297.636915073691,9,9
2401208,77,41,1-77-2024-041-06,6,1,9,808.070771802769,9,9
2402536,11,69,1-11-2024-069-05,5,1,3,31.8812723055547,8,9
2405831,11,176,1-11-2024-176-05,5,2,2,31.8812723055547,8,9
2403094,25,77,1-25-2024-077-06,6,1,9,148.110752596866,2,9
2401766,73,55,1-73-2024-055-03,3,2,10,23.5881329232141,3,9
2401517,73,51,1-73-2024-051-04,4,1,3,64.3960375902502,3,9
2404422,33,84,1-33-2024-084-NM1,21,1,3,41.0900179301514,12,9
2405617,21,137,1-21-2024-137-05,5,1,1,31.6080006612922,11,9
2406072,25,169,1-25-2024-169-07,7,1,10,1211.5761298272,2,9
2402628,28,79,1-28-2024-079-06,6,1,99,44.5186799027896,3,9
2401881,54,45,1-54-2024-045-09,9,1,1,117.274582131211,9,9
2405966,25,164,1-25-2024-164-06,6,1,10,353.939350416704,2,9
2405972,21,146,1-21-2024-146-NM1,21,1,1,9.08918343004306,11,9
2405972,21,146,1-21-2024-146-NM1,21,1,5,9.08918343004306,11,9
2404200,67,29,1-67-2024-029-04,4,5,10,955.458116107281,7,9
2402428,57,50,1-57-2024-050-05,5,1,10,36.8561902184078,1,9
2405425,12,105,1-12-2024-105-03,3,1,10,164.057323491007,9,9
2404570,12,85,1-12-2024-085-09,9,1,5,458.0123440807,9,9
2404238,22,125,1-22-2024-125-07,7,1,2,241.077756730755,12,9
2404238,22,125,1-22-2024-125-07,7,1,4,241.077756730755,12,9
2404238,22,125,1-22-2024-125-07,7,1,7,241.077756730755,12,9
2400325,12,10,1-12-2024-010-02,2,1,1,221.517683883591,9,9
2401415,76,35,1-76-2024-035-08,8,1,1,75.1501837907099,3,9
2404593,16,116,1-16-2024-116-02,2,1,9,19.2002472242785,5,9
2400279,77,9,1-77-2024-009-08,8,1,3,102.349519441103,9,9
2402935,23,40,1-23-2024-040-02,2,1,3,90.7214867361438,5,9
2404192,18,112,1-18-2024-112-02,2,2,99,46.7280335632617,6,9
2401461,73,47,1-73-2024-047-07,7,2,1,83.6823530605529,3,9
2402580,66,59,1-66-2024-059-06,6,1,2,204.29526374419,6,9
2402248,22,66,1-22-2024-066-06,6,1,1,25.2675524846257,12,9
2402457,20,70,1-20-2024-070-06,6,1,1,230.868654194168,11,9
2400820,81,20,1-81-2024-020-NM1,21,1,9,29.8109810103183,8,9
2405729,82,163,1-82-2024-163-NM2,22,1,2,2077.73112331519,1,9
2403050,48,99,1-48-2024-099-05,5,1,6,80.9035530796695,12,9
2403837,29,45,1-29-2024-045-03,3,1,99,90.2007455037807,2,9
2406376,20,151,1-20-2024-151-NM2,22,1,10,1093.0659222961,11,9
2404501,31,94,1-31-2024-094-04,4,1,9,222.052598299916,6,9
2402835,79,61,1-79-2024-061-09,9,1,9,117.957752270952,8,9
2405165,57,155,1-57-2024-155-06,6,1,10,391.005792237184,1,9
2404355,12,80,1-12-2024-080-06,6,1,8,951.513440369114,9,9
2405683,19,82,1-19-2024-082-04,4,1,9,268.390724600306,9,9
2403545,59,111,1-59-2024-111-04,4,1,9,322.615967734063,6,9
2403668,48,119,1-48-2024-119-04,4,1,1,107.826502919194,12,9
2406201,15,240,1-15-2024-240-03,3,2,3,12.8685765153933,1,9
2402463,24,60,1-24-2024-060-05,5,1,99,24.2721053029394,1,9
2402217,28,63,1-28-2024-063-03,3,1,1,28.3089754479373,3,9
2404332,28,133,1-28-2024-133-09,9,1,9,34.7771381559099,3,9
2403236,31,66,1-31-2024-066-03,3,1,9,151.964719784207,6,9
2402062,20,59,1-20-2024-059-07,7,1,9,1371.4721415387,11,9
2406247,18,155,1-18-2024-155-08,8,1,1,66.5662168606509,6,9
2400296,18,8,1-18-2024-008-06,6,2,9,66.0930169005829,6,9
2403282,59,103,1-59-2024-103-02,2,1,6,48.7900687173874,6,9
2405689,12,109,1-12-2024-109-06,6,1,3,257.996460650317,9,9
2405357,21,127,1-21-2024-127-02,2,1,1,9.63819602034845,11,9
2404756,15,183,1-15-2024-183-04,4,1,10,58.4198767720656,1,9
2403488,16,101,1-16-2024-101-05,5,1,8,29.4570842219458,5,9
2404505,76,132,1-76-2024-132-04,4,1,7,192.634488866632,3,9
2402098,32,76,1-32-2024-076-02,2,1,2,5.84186321476011,7,9
2400770,17,24,1-17-2024-024-09,9,1,9,311.398354328333,4,9
2402785,59,85,1-59-2024-085-05,5,1,7,53.1907731759788,6,9
2402785,59,85,1-59-2024-085-05,5,1,8,53.1907731759788,6,9
2405656,18,137,1-18-2024-137-03,3,3,9,194.042863004502,6,9
2402052,81,43,1-81-2024-043-04,4,1,3,1903.54654592811,8,9
2400638,19,13,1-19-2024-013-07,7,1,1,907.714709607439,9,9
2404079,12,75,1-12-2024-075-07,7,1,10,604.062221579509,9,9
2400784,26,15,1-26-2024-015-05,5,1,8,37.7123897005153,10,9
2400329,30,10,1-30-2024-010-03,3,1,3,147.061529949055,10,9
2401079,59,34,1-59-2024-034-02,2,1,1,48.7900687173874,6,9
2401325,66,27,1-66-2024-027-04,4,1,7,114.973892842,6,9
2402751,82,68,1-82-2024-068-06,6,2,99,159.693073582709,1,9
2403340,17,105,1-17-2024-105-03,3,1,3,63.7311016265517,4,9
2403340,17,105,1-17-2024-105-03,3,1,10,63.7311016265517,4,9
2405006,29,80,1-29-2024-080-04,4,1,6,163.218801757203,2,9
2403578,30,128,1-30-2024-128-03,3,1,10,205.548230199915,10,9
2402250,22,67,1-22-2024-067-10,10,1,9,455.580038803207,12,9
2405748,10,117,1-10-2024-117-03,3,1,99,113.722882193099,4,9
2404906,77,155,1-77-2024-155-NM1,21,1,7,113.21347390618,9,9
2401812,24,43,1-24-2024-043-NM1,21,1,3,23.1726143074507,1,9
2401812,24,43,1-24-2024-043-NM1,21,1,4,23.1726143074507,1,9
2403286,81,74,1-81-2024-074-02,2,1,9,19.0849903848337,8,9
2403827,28,116,1-28-2024-116-03,3,1,9,59.3520019457149,3,9
2400876,24,17,1-24-2024-017-03,3,1,1,28.7833246640805,1,9
2401958,32,72,1-32-2024-072-05,5,1,1,42.3463129791254,7,9
2400335,11,6,1-11-2024-006-03,3,1,99,84.2498727782102,8,9
2404013,28,126,1-28-2024-126-09,9,1,1,84.0814352883391,3,9
2406171,24,171,1-24-2024-171-03,3,1,99,128.24108545593,1,9
2403160,11,89,1-11-2024-089-04,4,1,1,292.515838449788,8,9
2405152,62,155,1-62-2024-155-04,4,1,9,1753.50005308033,7,9
2401949,28,56,1-28-2024-056-04,4,1,1,47.851485985308,3,9
2401617,59,53,1-59-2024-053-04,4,1,1,267.139823960724,6,9
2403466,66,73,1-66-2024-073-10,10,1,3,2134.23953615003,6,9
2402639,82,64,1-82-2024-064-03,3,1,8,140.978923511683,1,9
2401806,16,50,1-16-2024-050-10,10,1,3,14369.5040655811,5,9
2403538,81,81,1-81-2024-081-05,5,1,3,27.4895135360166,8,9
2403870,12,67,1-12-2024-067-10,10,1,9,8209.53170960713,9,9
2401165,28,29,1-28-2024-029-10,10,1,7,80.5683609045318,3,9
2402284,54,57,1-54-2024-057-08,8,1,1,161.994257211147,9,9
2401188,76,31,1-76-2024-031-06,6,1,1,69.290638741677,3,9
2405338,27,166,1-27-2024-166-NM1,21,1,10,21.5359551258335,3,9
2404769,77,153,1-77-2024-153-09,9,1,9,12242.3665920591,9,9
2405361,26,122,1-26-2024-122-04,4,1,7,2863.19192439954,10,9
2402141,77,72,1-77-2024-072-08,8,1,9,641.186205980175,9,9
2403372,66,70,1-66-2024-070-08,8,1,1,134.761595455619,6,9
2403987,79,82,1-79-2024-082-03,3,1,9,177.82939435799,8,9
2403011,82,74,1-82-2024-074-03,3,2,99,147.436886414065,1,9
2403731,31,76,1-31-2024-076-03,3,1,1,151.964719784207,6,9
2401075,66,20,1-66-2024-020-10,10,2,99,242.389498710963,6,9
2401816,28,52,1-28-2024-052-09,9,2,99,35.1195291082184,3,9
2403831,15,153,1-15-2024-153-02,2,1,1,13.160978448786,1,9
2400874,11,21,1-11-2024-021-06,6,1,10,166.913722361013,8,9
2406382,52,64,1-52-2024-064-02,2,1,10,23.7948925221775,12,9
2403190,67,13,1-67-2024-013-06,6,1,10,1631.38147749848,7,9
2403436,73,97,1-73-2024-097-08,8,1,4,119.342550330643,3,9
2401613,77,56,1-77-2024-056-05,5,1,1,90.6570748528622,9,9
2401862,30,62,1-30-2024-062-NM2,22,1,10,511.59271785067,10,9
2405008,22,153,1-22-2024-153-03,3,1,8,28.3765658017979,12,9
2403562,48,116,1-48-2024-116-08,8,1,1,96.1411607504999,12,9
2404060,48,129,1-48-2024-129-05,5,1,3,80.9035530796695,12,9
2401902,73,58,1-73-2024-058-NM1,21,1,6,34.5788324725448,3,9
2401902,73,58,1-73-2024-058-NM1,21,1,9,34.5788324725448,3,9
2404724,27,146,1-27-2024-146-03,3,2,9,12.6103689545478,3,9
2405981,22,179,1-22-2024-179-06,6,1,10,104.526575629748,12,9
2403419,77,115,1-77-2024-115-05,5,1,6,143.029350117903,9,9
2403966,12,72,1-12-2024-072-04,4,1,3,852.936405009971,9,9
2405128,21,121,1-21-2024-121-03,3,1,3,148.195347517749,11,9
2404581,24,128,1-24-2024-128-07,7,1,9,1138.83188436001,1,9
2400929,22,24,1-22-2024-024-09,9,1,8,38.1287781911826,12,9
2402852,11,80,1-11-2024-080-04,4,1,99,630.031575937947,8,9
2401853,66,42,1-66-2024-042-09,9,1,9,97.5596917228585,6,9
2404438,66,89,1-66-2024-089-03,3,1,10,90.2108501600037,6,9
2404438,66,89,1-66-2024-089-03,3,2,4,90.2108501600037,6,9
2404607,26,111,1-26-2024-111-NM1,21,1,9,76.6867213232,10,9
2403256,79,69,1-79-2024-069-06,6,1,3,120.772111910736,8,9
2403797,20,100,1-20-2024-100-09,9,1,10,1836.75702736119,11,9
2402211,25,54,1-25-2024-054-03,3,1,1,72.4488725969622,2,9
2405248,31,111,1-31-2024-111-04,4,1,9,222.052598299916,6,9
2403399,22,102,1-22-2024-102-02,2,1,1,25.2675524846257,12,9
2402901,12,47,1-12-2024-047-02,2,1,1,228.584675358371,9,9
2401235,48,42,1-48-2024-042-05,5,1,1,80.9035530796695,12,9
2401335,77,46,1-77-2024-046-09,9,1,6,1115.38810302438,9,9
2404601,77,147,1-77-2024-147-10,10,1,1,257.957670739438,9,9
2402686,19,34,1-19-2024-034-01,1,1,1,55.53584624788,9,9
2405265,59,154,1-59-2024-154-04,4,1,9,407.870337563103,6,9
2403250,82,82,1-82-2024-082-10,10,1,99,6068.75490629749,1,9
2400594,33,7,1-33-2024-007-09,9,1,1,461.610101044979,12,9
2403568,18,98,1-18-2024-098-05,5,1,7,50.9427492020977,6,9
2401149,33,18,1-33-2024-018-03,3,1,99,27.3329411219541,12,9
2402809,18,85,1-18-2024-085-06,6,1,10,458.423668559883,6,9
2405726,27,176,1-27-2024-176-07,7,2,99,352.3606808973,3,9
2405228,82,149,1-82-2024-149-NM2,22,1,2,530.041651146454,1,9
2404089,33,76,1-33-2024-076-NM2,22,1,10,228.732430580773,12,9
2401292,12,24,1-12-2024-024-04,4,1,2,1344.85073916677,9,9
2402915,59,92,1-59-2024-092-07,7,1,1,617.998102890454,6,9
2403270,29,30,1-29-2024-030-09,9,1,9,1132.86906528856,2,9
2406024,73,150,1-73-2024-150-06,6,2,9,192.446977093304,3,9
2401055,21,25,1-21-2024-025-08,8,1,1,78.3803996099035,11,9
2401092,81,24,1-81-2024-024-10,10,2,9,24230.4540548434,8,9
2403509,82,89,1-82-2024-089-NM2,22,1,10,184.00474438731,1,9
2404185,14,75,1-14-2024-075-04,4,1,1,139.87769253604,8,9
2405430,69,134,1-69-2024-134-02,2,1,1,7.30201599951961,8,9
2403117,82,79,1-82-2024-079-10,10,1,2,7754.29853635363,1,9
2405287,54,115,1-54-2024-115-09,9,1,99,401.306692440556,9,9
2404056,77,133,1-77-2024-133-02,2,1,10,83.1566199866033,9,9
2401729,28,48,1-28-2024-048-06,6,1,8,46.0829401699488,3,9
2405381,22,165,1-22-2024-165-NM2,22,1,2,86.2407444911639,12,9
2400120,60,3,1-60-2024-003-03,3,2,99,151.148648275766,8,9
2401686,14,26,1-14-2024-026-08,8,1,10,128.530640298038,8,9
2400020,54,1,1-54-2024-001-08,8,1,8,161.994257211147,9,9
2405765,73,147,1-73-2024-147-03,3,1,10,30.3986890211754,3,9
2405420,30,185,1-30-2024-185-NM1,21,1,7,122.593345274421,10,9
2405334,28,166,1-28-2024-166-09,9,1,1,97.1901174624373,3,9
2404301,18,115,1-18-2024-115-03,3,1,1,34.6070615401308,6,9
2406161,30,209,1-30-2024-209-02,2,1,10,19.7146598979445,10,9
2404495,29,63,1-29-2024-063-02,2,1,10,439.446667333394,2,9
2400116,32,2,1-32-2024-002-02,2,2,4,5.912189285169,7,9
2400359,52,4,1-52-2024-004-03,3,1,7,68.9591235242687,12,9
2402672,48,89,1-48-2024-089-03,3,1,1,54.9604072040948,12,9
2405865,73,148,1-73-2024-148-09,9,1,9,300.06155561036,3,9
2400412,30,12,1-30-2024-012-08,8,1,1,134.135999343334,10,9
2404740,82,127,1-82-2024-127-05,5,1,3,23.9814262485552,1,9
2404193,18,113,1-18-2024-113-03,3,1,99,337.833743551218,6,9
2400804,66,13,1-66-2024-013-06,6,1,99,124.972344097308,6,9
2401394,25,30,1-25-2024-030-09,9,1,8,123.800297630527,2,9
2404883,76,141,1-76-2024-141-04,4,1,9,159.257021770113,3,9
2405132,17,166,1-17-2024-166-07,7,1,1,1222.27023854147,4,9
2402376,15,92,1-15-2024-092-NM2,22,1,1,172.627983004139,1,9
2401245,79,28,1-79-2024-028-04,4,1,3,222.177481341307,8,9
2405032,77,161,1-77-2024-161-05,5,1,6,90.6570748528622,9,9
2403266,26,96,1-26-2024-096-05,5,1,1,39.670972526611,10,9
2402341,25,57,1-25-2024-057-03,3,1,1,193.7608674537,2,9
2401228,73,39,1-73-2024-039-03,3,1,9,23.5881329232141,3,9
2400157,73,5,1-73-2024-005-03,3,1,9,23.5881329232141,3,9
2402911,66,61,1-66-2024-061-09,9,2,99,97.5596917228585,6,9
2403767,73,104,1-73-2024-104-08,8,1,9,43.2269839282638,3,9
2401182,22,33,1-22-2024-033-10,10,1,9,632.984210388483,12,9
2403197,33,53,1-33-2024-053-02,2,1,3,23.2460633538017,12,9
2401136,77,40,1-77-2024-040-06,6,1,3,432.202486626462,9,9
2403028,31,63,1-31-2024-063-NM2,22,1,10,197.377933176122,6,9
2406323,14,132,1-14-2024-132-NM2,22,1,2,464.271661627575,8,9
2403592,30,130,1-30-2024-130-07,7,1,3,2295.63447684467,10,9
2402015,59,62,1-59-2024-062-03,3,1,3,52.2551494333877,6,9
2404849,27,151,1-27-2024-151-02,2,1,9,35.7945960703371,3,9
2403283,59,104,1-59-2024-104-07,7,1,9,584.797835219332,6,9
2401113,13,28,1-13-2024-028-NM1,21,1,1,14.5007405645646,7,9
2404162,25,112,1-25-2024-112-03,3,2,10,77.9279752203252,2,9
2404955,16,122,1-16-2024-122-NM1,21,1,7,20.5106500164933,5,9
2403721,28,113,1-28-2024-113-10,10,1,1,187.992842110574,3,9
2402310,73,70,1-73-2024-070-06,6,1,1,89.1819804751388,3,9
2405049,30,174,1-30-2024-174-NM1,21,1,99,35.2170995864478,10,9
2404471,32,132,1-32-2024-132-02,2,1,1,10.0130344037266,7,9
2406045,12,120,1-12-2024-120-04,4,1,7,331.530424264406,9,9
2401128,79,26,1-79-2024-026-03,3,1,10,139.014214440248,8,9
2405788,69,147,1-69-2024-147-09,9,1,9,634.831339238048,8,9
2403435,18,96,1-18-2024-096-01,1,2,8,63.8166126674341,6,9
2402356,14,38,1-14-2024-038-02,2,1,1,77.0447891691359,8,9
2404371,22,130,1-22-2024-130-NM2,22,1,2,24.4305122731702,12,9
2405742,21,140,1-21-2024-140-02,2,1,1,9.63819602034845,11,9
2405055,19,70,1-19-2024-070-04,4,1,8,789.695397346962,9,9
2404809,19,65,1-19-2024-065-09,9,1,1,717.496132319356,9,9
2404222,27,129,1-27-2024-129-04,4,1,10,18.7495302149441,3,9
2400140,57,3,1-57-2024-003-06,6,1,5,30.0886094601444,1,9
2400727,48,28,1-48-2024-028-04,4,1,8,145.557430364465,12,9
2406237,73,155,1-73-2024-155-03,3,1,3,27.9333153038062,3,9
2401368,57,28,1-57-2024-028-03,3,2,9,113.193207903283,1,9
2400764,12,15,1-12-2024-015-05,5,1,1,241.497853716308,9,9
2403824,14,68,1-14-2024-068-03,3,1,2,364.189516222934,8,9
2401049,76,29,1-76-2024-029-06,6,1,1,69.290638741677,3,9
2403479,11,103,1-11-2024-103-04,4,1,10,595.929961083085,8,9
2403811,24,108,1-24-2024-108-06,6,1,10,447.799479425483,1,9
2404807,33,93,1-33-2024-093-03,3,1,10,33.6168445424995,12,9
2402151,23,32,1-23-2024-032-05,5,1,3,200.159885378424,5,9
2400562,18,20,1-18-2024-020-06,6,1,1,173.45428776267,6,9
2403788,67,23,1-67-2024-023-03,3,1,3,107.371301457247,7,9
2406110,22,186,1-22-2024-186-NM2,22,1,99,94.6557465142525,12,9
2406256,69,164,1-69-2024-164-07,7,1,2,256.481300292613,8,9
2402174,73,66,1-73-2024-066-08,8,1,1,40.1180243892693,3,9
2401842,22,56,1-22-2024-056-NM2,22,1,2,24.4305122731702,12,9
2404976,27,156,1-27-2024-156-03,3,1,8,18.7327308831734,3,9
2402907,82,73,1-82-2024-073-06,6,2,10,335.530067045794,1,9
2404212,33,77,1-33-2024-077-09,9,1,9,429.838695718984,12,9
2404329,14,78,1-14-2024-078-02,2,1,1,73.7387227230028,8,9
2404335,28,136,1-28-2024-136-10,10,1,3,241.705082713595,3,9
2402884,82,70,1-82-2024-070-03,3,1,10,107.830735344065,1,9
2405540,18,136,1-18-2024-136-08,8,1,1,114.15342035176,6,9
2404550,73,121,1-73-2024-121-09,9,1,99,71.1373514066558,3,9
2401604,54,38,1-54-2024-038-10,10,1,9,297.406603751546,9,9
2402366,22,68,1-22-2024-068-08,8,1,1,27.70204742406,12,9
2405855,20,138,1-20-2024-138-03,3,1,2,129.05694282056,11,9
2402291,57,48,1-57-2024-048-03,3,3,10,110.52437398961,1,9
2404381,76,125,1-76-2024-125-10,10,1,3,84.6789860292199,3,9
2402560,73,80,1-73-2024-080-04,4,1,9,38.9268584589882,3,9
2402406,62,63,1-62-2024-063-04,4,1,9,2493.02751254833,7,9
2402738,32,98,1-32-2024-098-NM1,21,1,1,72.5717518696977,7,9
2404421,18,118,1-18-2024-118-06,6,1,10,1411.10309059419,6,9
2404767,81,119,1-81-2024-119-NM1,21,1,2,47.7030665360098,8,9
2401424,28,39,1-28-2024-039-06,6,1,9,44.5186799027896,3,9
2402051,33,35,1-33-2024-035-09,9,1,10,185.63642695444,12,9
2402646,22,77,1-22-2024-077-07,7,1,3,33.5836093550638,12,9
2402652,59,84,1-59-2024-084-02,2,1,1,48.7900687173874,6,9
2405154,79,99,1-79-2024-099-09,9,1,1,332.8863993413,8,9
2405154,79,99,1-79-2024-099-09,9,1,99,332.8863993413,8,9
2405546,79,107,1-79-2024-107-07,7,1,99,105.188203068447,8,9
2405995,82,166,1-82-2024-166-05,5,2,10,31.9198775635953,1,9
2404272,21,92,1-21-2024-092-03,3,1,1,108.239393853195,11,9
2401418,27,46,1-27-2024-046-07,7,1,9,61.6841306108297,3,9
2402732,52,37,1-52-2024-037-03,3,1,3,90.2633842119784,12,9
2402898,20,81,1-20-2024-081-03,3,1,1,81.8606256970461,11,9
2404890,30,167,1-30-2024-167-NM2,22,1,10,814.767720370494,10,9
2400740,28,20,1-28-2024-020-08,8,1,1,48.0385140677194,3,9
2401593,66,34,1-66-2024-034-03,3,1,2,79.4686416678806,6,9
2403110,27,100,1-27-2024-100-06,6,1,3,42.4506543066445,3,9
2405935,24,164,1-24-2024-164-04,4,1,1,250.949654847823,1,9
2402114,22,63,1-22-2024-063-NM2,22,1,6,82.628551642103,12,9
2405529,48,181,1-48-2024-181-08,8,1,99,96.1411607504999,12,9
2405102,76,148,1-76-2024-148-06,6,1,1,86.1549159902945,3,9
2402520,15,98,1-15-2024-098-03,3,1,8,11.6786128984979,1,9
2403465,66,72,1-66-2024-072-09,9,2,3,120.817592914173,6,9
2406170,24,170,1-24-2024-170-05,5,1,2,24.2721053029394,1,9
2406170,24,170,1-24-2024-170-05,5,1,3,24.2721053029394,1,9
2405174,30,175,1-30-2024-175-03,3,1,99,228.715099730784,10,9
2402065,79,43,1-79-2024-043-10,10,1,10,174.035213758045,8,9
2400150,79,7,1-79-2024-007-06,6,2,99,120.772111910736,8,9
2400499,52,5,1-52-2024-005-09,9,1,9,203.384126194142,12,9
2405337,27,165,1-27-2024-165-03,3,1,10,19.3727483205413,3,9
2403445,30,124,1-30-2024-124-02,2,1,8,16.6145707079083,10,9
2401948,28,55,1-28-2024-055-04,4,1,10,47.851485985308,3,9
2401281,24,30,1-24-2024-030-06,6,1,9,260.894836150354,1,9
2401358,18,52,1-18-2024-052-04,4,1,9,70.6522327035531,6,9
2405858,22,177,1-22-2024-177-09,9,1,8,137.263300510642,12,9
2405194,24,144,1-24-2024-144-03,3,1,3,43.1431884730943,1,9
2405268,62,156,1-62-2024-156-06,6,1,10,1435.74294690315,7,9
2403373,66,71,1-66-2024-071-06,6,1,2,175.05990703597,6,9
2403422,77,118,1-77-2024-118-02,2,1,9,83.1566199866033,9,9
2401979,26,52,1-26-2024-052-06,6,1,10,383.903476267962,10,9
2403259,21,68,1-21-2024-068-03,3,1,1,317.13900450633,11,9
2403353,25,87,1-25-2024-087-03,3,1,1,344.35142568303,2,9
2406270,25,174,1-25-2024-174-06,6,1,1,681.275187925741,2,9
2404447,11,134,1-11-2024-134-02,2,1,1,30.7614595081659,8,9
2402775,62,73,1-62-2024-073-09,9,2,2,6595.93532166569,7,9
2400021,54,2,1-54-2024-002-09,9,1,2,339.94783934237,9,9
2402961,81,63,1-81-2024-063-02,2,3,6,19.0849903848337,8,9
2403957,57,99,1-57-2024-099-03,3,2,9,81.2040485683393,1,9
2404043,11,123,1-11-2024-123-04,4,1,1,266.740512711128,8,9
2400760,30,25,1-30-2024-025-02,2,1,9,16.2875943881497,10,9
2404633,19,60,1-19-2024-060-03,3,1,99,53.0215875094493,9,9
2402420,48,79,1-48-2024-079-NM1,21,1,1,85.8427679861707,12,9
2402420,48,79,1-48-2024-079-NM1,21,1,99,85.8427679861707,12,9
2400711,62,21,1-62-2024-021-02,2,1,1,61.2648028245878,7,9
2405715,76,166,1-76-2024-166-NM1,21,1,2,85.5567201400254,3,9
2405039,12,97,1-12-2024-097-06,6,1,9,370.051856891055,9,9
2401395,25,31,1-25-2024-031-04,4,3,9,51.4206151647524,2,9
2405480,28,171,1-28-2024-171-09,9,1,10,446.363671492895,3,9
2403210,11,92,1-11-2024-092-09,9,1,8,1483.52893742629,8,9
2401052,27,33,1-27-2024-033-04,4,1,1,50.8014521302521,3,9
2404341,27,135,1-27-2024-135-04,4,1,10,24.9101480813728,3,9
2403018,21,61,1-21-2024-061-01,1,1,1,89.2120120605323,11,9
2401936,24,47,1-24-2024-047-03,3,1,1,32.3570562743358,1,9
2402526,31,49,1-31-2024-049-04,4,1,9,222.052598299916,6,9
2405182,67,45,1-67-2024-045-08,8,1,9,85.9268951316915,7,9
2404590,11,138,1-11-2024-138-05,5,1,9,31.8812723055547,8,9
2401885,57,36,1-57-2024-036-02,2,1,10,8.84567916097239,1,9
2401295,27,41,1-27-2024-041-03,3,2,10,16.1061450800047,3,9
2400262,79,10,1-79-2024-010-06,6,1,99,146.574045627854,8,9
2402578,18,80,1-18-2024-080-03,3,1,1,98.0295171801001,6,9
2402578,18,80,1-18-2024-080-03,3,1,3,98.0295171801001,6,9
2402246,22,64,1-22-2024-064-06,6,1,7,25.2675524846257,12,9
2402839,24,77,1-24-2024-077-09,9,1,99,535.356593044099,1,9
2403265,26,95,1-26-2024-095-05,5,1,9,39.670972526611,10,9
2402269,66,51,1-66-2024-051-05,5,1,99,116.980491892491,6,9
2400277,77,7,1-77-2024-007-03,3,1,1,65.1275025618817,9,9
2406182,31,133,1-31-2024-133-10,10,1,7,419.593794787767,6,9
2402887,15,113,1-15-2024-113-03,3,1,1,15.0688068346335,1,9
2403672,18,99,1-18-2024-099-04,4,1,3,214.488758379428,6,9
2400423,77,15,1-77-2024-015-06,6,1,7,589.423606928976,9,9
2405681,19,80,1-19-2024-080-06,6,1,1,251.022651978485,9,9
2405710,11,169,1-11-2024-169-02,2,1,8,30.7614595081659,8,9
2400987,18,37,1-18-2024-037-03,3,1,8,34.6070615401308,6,9
2402438,79,52,1-79-2024-052-04,4,1,9,103.687310341295,8,9
2401651,69,30,1-69-2024-030-06,6,1,9,115.993326241037,8,9
2404307,69,98,1-69-2024-098-05,5,1,10,24.1360940214581,8,9
2401327,66,29,1-66-2024-029-02,2,1,99,107.302186022856,6,9
2402501,76,68,1-76-2024-068-04,4,1,3,139.059394351881,3,9
2401334,77,45,1-77-2024-045-05,5,1,3,90.6570748528622,9,9
2402330,17,76,1-17-2024-076-03,3,1,1,94.8735237981361,4,9
2401832,27,59,1-27-2024-059-04,4,1,3,20.2740569148603,3,9
2403798,69,81,1-69-2024-081-02,2,1,1,7.43080811052425,8,9
2401142,82,29,1-82-2024-029-04,4,1,3,204.821008822528,1,9
2403206,66,68,1-66-2024-068-03,3,1,99,99.2753873280272,6,9
2405911,12,118,1-12-2024-118-04,4,1,1,916.878937506543,9,9
2404016,21,85,1-21-2024-085-02,2,1,1,10.5328526507938,11,9
2406097,29,105,1-29-2024-105-04,4,1,2,554.415553685361,2,9
2401597,14,25,1-14-2024-025-03,3,1,9,1227.40456315265,8,9
2402759,22,81,1-22-2024-081-03,3,1,9,26.0912892801948,12,9
2400097,19,3,1-19-2024-003-03,3,1,10,130.467157753061,9,9
2403375,27,106,1-27-2024-106-04,4,1,99,125.149936409085,3,9
2403541,81,84,1-81-2024-084-09,9,1,3,1735.07853290752,8,9
2403867,66,79,1-66-2024-079-07,7,1,1,133.367571576148,6,9
2404580,24,127,1-24-2024-127-03,3,1,7,95.9250634567464,1,9
2406246,18,154,1-18-2024-154-03,3,2,9,50.1559535759686,6,9
2403469,24,97,1-24-2024-097-08,8,1,1,91.2848095767464,1,9
2402636,26,76,1-26-2024-076-03,3,1,3,255.743331484343,10,9
2402808,18,84,1-18-2024-084-03,3,1,99,90.7251439638903,6,9
2405413,57,167,1-57-2024-167-03,3,1,99,200.397476159373,1,9
2402659,81,56,1-81-2024-056-05,5,1,99,149.951440673758,8,9
2402167,48,71,1-48-2024-071-07,7,1,8,463.276379422285,12,9
2404159,73,115,1-73-2024-115-06,6,1,1,278.168320342502,3,9
2401826,76,50,1-76-2024-050-05,5,1,99,69.290638741677,3,9
2404992,22,150,1-22-2024-150-03,3,1,9,28.3765658017979,12,9
2404943,24,137,1-24-2024-137-NM2,22,1,2,103.775968566411,1,9
2400060,21,1,1-21-2024-001-03,3,1,1,54.9367577389877,11,9
2406317,59,188,1-59-2024-188-10,10,1,1,105.632024096023,6,9
2404935,19,68,1-19-2024-068-03,3,1,10,122.471944732135,9,9
2404686,48,153,1-48-2024-153-06,6,1,1,585.270846184065,12,9
2402765,27,88,1-27-2024-088-04,4,1,10,51.5876217780529,3,9
2402522,66,56,1-66-2024-056-09,9,1,1,387.906116034488,6,9
2403412,30,121,1-30-2024-121-06,6,1,3,390.778392781149,10,9
2403904,30,137,1-30-2024-137-05,5,1,10,43.4171900907947,10,9
2401199,30,40,1-30-2024-040-07,7,1,99,1198.83468004154,10,9
2402230,27,72,1-27-2024-072-03,3,1,7,39.3017294904609,3,9
2405719,28,176,1-28-2024-176-03,3,1,6,28.3089754479373,3,9
2405819,60,98,1-60-2024-098-NM1,21,1,9,43.22330010499,8,9
2401279,11,31,1-11-2024-031-02,2,1,2,30.7614595081659,8,9
2400640,25,15,1-25-2024-015-04,4,1,99,329.519302705053,2,9
2400131,27,4,1-27-2024-004-03,3,1,8,19.9655651519629,3,9
2403637,15,144,1-15-2024-144-03,3,1,1,22.7363613317347,1,9
2400686,57,14,1-57-2024-014-03,3,1,2,801.488027441767,1,9
2400686,57,14,1-57-2024-014-03,3,1,3,801.488027441767,1,9
2404075,19,53,1-19-2024-053-05,5,1,10,73.2539652773898,9,9
2402160,62,55,1-62-2024-055-04,4,2,4,1788.30992745826,7,9
2404662,77,152,1-77-2024-152-09,9,1,5,913.250279625989,9,9
2404668,73,122,1-73-2024-122-06,6,1,3,82.6022392036631,3,9
2403234,30,115,1-30-2024-115-07,7,1,1,2982.18076289127,10,9
2402547,59,79,1-59-2024-079-NM1,21,1,10,62.3822922049643,6,9
2401465,66,31,1-66-2024-031-10,10,1,1,242.389498710963,6,9
2405203,25,137,1-25-2024-137-06,6,1,7,320.093843420773,2,9
2406042,30,204,1-30-2024-204-09,9,1,8,11034.5007758715,10,9
2403680,66,77,1-66-2024-077-07,7,1,1,161.444955065863,6,9
2403975,20,103,1-20-2024-103-03,3,1,2,164.921231804765,11,9
2404762,66,94,1-66-2024-094-10,10,1,99,242.389498710963,6,9
2402590,33,43,1-33-2024-043-05,5,1,8,25.3427821602115,12,9
2400171,13,4,1-13-2024-004-06,6,1,99,2042.25670106002,7,9
2405246,31,109,1-31-2024-109-10,10,1,9,419.593794787767,6,9
2400978,54,25,1-54-2024-025-09,9,1,3,117.274582131211,9,9
2404273,81,103,1-81-2024-103-NM1,21,3,10,34.7221032435964,8,9
2401951,52,28,1-52-2024-028-10,10,1,10,9291.95853337927,12,9
2400549,59,21,1-59-2024-021-04,4,1,1,105.325659634205,6,9
2403182,48,106,1-48-2024-106-04,4,1,10,85.7677087053401,12,9
2406145,12,124,1-12-2024-124-09,9,1,8,884.878645052102,9,9
2402186,17,71,1-17-2024-071-06,6,1,1,219.648098632459,4,9
2402850,11,78,1-11-2024-078-03,3,1,9,171.808727202705,8,9
2405936,24,165,1-24-2024-165-05,5,1,2,24.2721053029394,1,9
2405481,28,172,1-28-2024-172-03,3,1,3,45.3225041425836,3,9
2403417,59,106,1-59-2024-106-01,1,1,1,59.4125100170591,6,9
2403417,59,106,1-59-2024-106-01,1,1,5,59.4125100170591,6,9
2402000,31,36,1-31-2024-036-08,8,1,1,222.937813489072,6,9
2400079,59,5,1-59-2024-005-NM2,22,1,99,326.257763636632,6,9
2404656,81,115,1-81-2024-115-05,5,1,4,97.3430466449544,8,9
2403566,67,19,1-67-2024-019-04,4,1,9,491.890041972432,7,9
2404064,73,113,1-73-2024-113-NM2,22,1,7,537.853972469241,3,9
2401359,48,46,1-48-2024-046-03,3,1,10,54.9604072040948,12,9
2404230,12,77,1-12-2024-077-03,3,1,9,164.057323491007,9,9
2403297,77,113,1-77-2024-113-04,4,1,3,367.311932666986,9,9
2404038,17,129,1-17-2024-129-09,9,1,8,359.803903640379,4,9
2406128,77,198,1-77-2024-198-03,3,1,99,193.93919154216,9,9
2406053,19,91,1-19-2024-091-05,5,1,3,49.1552833588875,9,9
2404848,27,150,1-27-2024-150-03,3,2,1,28.3860348414799,3,9
2402335,11,62,1-11-2024-062-09,9,1,1,1226.69659083428,8,9
2400414,16,13,1-16-2024-013-06,6,1,9,405.229056944154,5,9
2405418,79,103,1-79-2024-103-04,4,1,8,103.687310341295,8,9
2405169,73,132,1-73-2024-132-10,10,1,99,167.518178572804,3,9
2401433,24,35,1-24-2024-035-07,7,1,9,539.451655185704,1,9
2401445,22,41,1-22-2024-041-09,9,1,7,110.953032166063,12,9
2402713,11,74,1-11-2024-074-07,7,1,99,1887.19969222058,8,9
2402286,54,59,1-54-2024-059-07,7,1,10,248.157241541513,9,9
2402037,13,53,1-13-2024-053-02,2,1,10,28.4531500720589,7,9
2402123,28,60,1-28-2024-060-06,6,1,10,44.5186799027896,3,9
2400463,17,13,1-17-2024-013-03,3,1,1,60.1064786597745,4,9
2401645,79,35,1-79-2024-035-06,6,1,10,448.844720308613,8,9
2403411,11,99,1-11-2024-099-03,3,1,9,74.3356188554781,8,9
2400257,82,8,1-82-2024-008-06,6,1,2,194.188153888718,1,9
2405083,14,96,1-14-2024-096-05,5,1,1,76.4230415651045,8,9
2405183,77,163,1-77-2024-163-03,3,1,9,568.911465081433,9,9
2400849,79,22,1-79-2024-022-04,4,1,6,332.18965032769,8,9
2401539,69,27,1-69-2024-027-02,2,1,9,7.30201599951961,8,9
2403262,69,66,1-69-2024-066-03,3,1,7,28.3981261614182,8,9
2401639,18,60,1-18-2024-060-06,6,2,9,54.423046779444,6,9
2405993,29,104,1-29-2024-104-NM1,21,1,2,46.066249775962,2,9
2404095,57,107,1-57-2024-107-03,3,2,3,100.647927826823,1,9
2405638,60,94,1-60-2024-094-03,3,3,2,225.387841771132,8,9
2403623,17,112,1-17-2024-112-09,9,2,2,124.444730519243,4,9
2405212,27,163,1-27-2024-163-04,4,1,9,267.868711027673,3,9
2400967,77,34,1-77-2024-034-08,8,1,1,148.704229143531,9,9
2403145,15,122,1-15-2024-122-04,4,1,9,32.2934989269981,1,9
2403932,20,102,1-20-2024-102-02,2,1,1,19.9171728154044,11,9
2402813,48,90,1-48-2024-090-05,5,1,1,80.9035530796695,12,9
2405137,12,99,1-12-2024-099-06,6,1,99,452.729978581983,9,9
2405830,11,175,1-11-2024-175-07,7,1,3,874.79164024383,8,9
2403222,25,82,1-25-2024-082-03,3,1,1,218.616726516573,2,9
2401230,73,41,1-73-2024-041-06,6,2,7,83.6094135826125,3,9
2404851,27,153,1-27-2024-153-09,9,1,10,278.553110080579,3,9
2402558,73,78,1-73-2024-078-06,6,1,99,37.0946854309253,3,9
2403617,52,38,1-52-2024-038-04,4,1,9,1714.96019628022,12,9
2401702,26,44,1-26-2024-044-03,3,1,9,128.240497755438,10,9
2402535,24,69,1-24-2024-069-NM1,21,1,10,23.1726143074507,1,9
2405043,18,127,1-18-2024-127-03,3,2,8,103.062257832232,6,9
2404078,12,74,1-12-2024-074-03,3,1,7,164.057323491007,9,9
2404920,48,159,1-48-2024-159-06,6,1,10,86.4307074675267,12,9
2405003,69,119,1-69-2024-119-03,3,1,9,26.9832944416769,8,9
2404659,77,149,1-77-2024-149-01,1,1,3,96.927477716339,9,9
2404327,16,113,1-16-2024-113-NM1,21,1,1,55.2220906582399,5,9
2401765,73,54,1-73-2024-054-06,6,1,9,57.2521131397256,3,9
2400984,48,35,1-48-2024-035-04,4,1,1,179.536136506328,12,9
2403036,81,68,1-81-2024-068-05,5,1,10,46.9373959605953,8,9
2402049,12,35,1-12-2024-035-04,4,1,5,750.454252060638,9,9
2403686,12,63,1-12-2024-063-09,9,1,1,1204.16320291651,9,9
2404018,26,106,1-26-2024-106-03,3,1,8,1803.86639113949,10,9
2406342,60,107,1-60-2024-107-06,6,2,2,1187.13651431241,8,9
2406342,60,107,1-60-2024-107-06,6,2,6,1187.13651431241,8,9
2401362,48,49,1-48-2024-049-04,4,1,10,165.134842134162,12,9
2400334,77,11,1-77-2024-011-06,6,1,5,329.081744532079,9,9
2405498,21,132,1-21-2024-132-03,3,1,3,130.663052129996,11,9
2402498,27,81,1-27-2024-081-04,4,1,3,41.9395991935004,3,9
2403191,12,53,1-12-2024-053-NM2,22,1,10,279.612696685556,9,9
2400529,27,18,1-27-2024-018-06,6,1,8,47.6279948664491,3,9
2401224,81,25,1-81-2024-025-05,5,1,10,62.3562447625643,8,9
2402349,28,70,1-28-2024-070-04,4,1,10,47.851485985308,3,9
2400683,59,24,1-59-2024-024-NM1,21,1,7,62.3822922049643,6,9
2401370,19,24,1-19-2024-024-07,7,1,10,441.36432951908,9,9
2401124,73,36,1-73-2024-036-04,4,1,99,77.4663849930113,3,9
2403586,69,77,1-69-2024-077-08,8,1,1,99.4639493060289,8,9
2406242,48,204,1-48-2024-204-09,9,1,1,259.999256785636,12,9
2404582,24,129,1-24-2024-129-NM1,21,1,2,23.1726143074507,1,9
2402922,54,78,1-54-2024-078-05,5,1,3,144.976226836895,9,9
2403443,30,122,1-30-2024-122-03,3,1,99,215.06082110319,10,9
