CASEID,PSU,CASENO,CASENUMBER,CATEGORY,NMNO,DEVICE,MOTORIZATION,NUMWHEELS,FRONTREFLECT_CLEAR,FRONTREFLECT_RED,FRONTREFLECT_AMBER,FRONTREFLECT_OTH,SIDEREFLECT_CLEAR,SIDEREFLECT_RED,SIDEREFLECT_AMBER,SIDEREFLECT_OTH,REARREFLECT_CLEAR,REARREFLECT_RED,REARREFLECT_AMBER,REARREFLECT_OTH,FRONTLIGHT_CLEAR,FRONTLIGHT_RED,FRONTLIGHT_AMBER,FRONTLIGHT_OTH,REARLIGHT_CLEAR,REARLIGHT_RED,REARLIGHT_AMBER,REARLIGHT_OTH,LIGHTFLASH,CASEWGT,PSUSTRAT,VERSION
2405009,30,172,1-30-2024-172-NM2,22,1,9,3,2,9,9,9,9,9,9,9,9,9,9,9,9,9,9,9,9,9,9,9,9,9,699.896518145871,10,9
2402161,62,56,1-62-2024-056-NM1,21,1,3,1,2,9,9,9,9,9,9,9,9,9,9,9,9,9,9,9,9,9,9,9,9,9,60.6701620601723,7,9
2404700,69,110,1-69-2024-110-NM1,21,1,3,2,2,9,9,9,9,1,0,0,0,9,9,9,9,1,0,0,0,0,1,0,0,2,7.66811372485411,8,9
2404943,24,137,1-24-2024-137-NM2,22,1,5,2,4,0,0,0,0,0,0,0,0,0,0,0,0,1,0,0,0,0,1,0,0,0,103.775968566411,1,9
2405121,22,155,1-22-2024-155-NM2,22,1,9,2,2,9,9,9,9,9,9,9,9,9,9,9,9,9,9,9,9,9,9,9,9,9,64.1408737687855,12,9
2402124,28,61,1-28-2024-061-NM2,22,1,3,2,2,9,9,9,9,9,9,9,9,9,9,9,9,0,0,0,0,0,0,0,0,0,37.9334438090452,3,9
2403020,22,90,1-22-2024-090-NM2,22,1,3,3,2,9,9,9,9,9,9,9,9,9,9,9,9,9,9,9,9,9,9,9,9,9,24.4305122731702,12,9
2404886,22,148,1-22-2024-148-NM2,22,1,3,1,2,0,0,0,0,1,0,0,0,0,0,0,0,0,0,0,0,0,0,0,0,0,35.1496027167127,12,9
2402434,30,83,1-30-2024-083-NM2,22,1,3,1,2,9,9,9,9,9,9,9,9,9,9,9,9,9,9,9,9,9,9,9,9,9,361.666104097377,10,9
2403576,30,126,1-30-2024-126-NM2,22,1,3,3,2,9,9,9,9,9,9,9,9,9,9,9,9,9,9,9,9,9,9,9,9,9,516.81832296578,10,9
2404117,24,116,1-24-2024-116-NM2,22,1,3,3,2,9,9,9,9,9,9,9,9,9,9,9,9,9,9,9,9,9,9,9,9,9,150.695729579903,1,9
2401206,31,25,1-31-2024-025-NM2,22,1,5,2,9,9,9,9,9,9,9,9,9,9,9,9,9,9,9,9,9,9,9,9,9,9,197.377933176122,6,9
2403198,33,54,1-33-2024-054-NM1,21,1,9,2,2,9,9,9,9,9,9,9,9,9,9,9,9,9,9,9,9,9,9,9,9,9,55.7364737376608,12,9
2403198,33,54,1-33-2024-054-NM1,21,2,9,2,2,9,9,9,9,9,9,9,9,9,9,9,9,9,9,9,9,9,9,9,9,9,55.7364737376608,12,9
2405491,22,168,1-22-2024-168-NM2,22,1,9,3,9,9,9,9,9,9,9,9,9,9,9,9,9,9,9,9,9,9,9,9,9,9,63.7015832881093,12,9
2403175,10,48,1-10-2024-048-NM2,22,1,3,3,2,9,9,9,9,9,9,9,9,9,9,9,9,9,9,9,9,9,9,9,9,9,917.555786243938,4,9
2404658,81,117,1-81-2024-117-NM1,21,1,9,3,9,9,9,9,9,9,9,9,9,9,9,9,9,9,9,9,9,9,9,9,9,9,26.5893987350207,8,9
2405846,15,225,1-15-2024-225-NM2,22,1,3,3,9,9,9,9,9,9,9,9,9,9,9,9,9,9,9,9,9,9,9,9,9,9,31.8783964598429,1,9
2401615,59,51,1-59-2024-051-NM2,22,1,3,1,2,1,0,0,0,0,0,0,0,1,0,0,0,0,0,0,0,0,0,0,0,0,173.711917950995,6,9
2401143,30,39,1-30-2024-039-NM2,22,1,3,3,2,9,9,9,9,9,9,9,9,9,9,9,9,9,9,9,9,9,9,9,9,9,269.894765505706,10,9
2403799,69,82,1-69-2024-082-NM1,21,1,3,1,2,0,0,0,0,0,0,0,0,0,0,1,0,1,0,0,0,0,1,0,0,2,12.0111452927932,8,9
2402754,26,79,1-26-2024-079-NM2,22,1,97,2,4,0,0,0,0,0,0,0,0,0,0,0,0,0,0,0,0,0,0,0,0,9,1030.55932741376,10,9
2404160,25,110,1-25-2024-110-NM2,22,1,3,1,2,9,9,9,9,9,9,9,9,9,9,9,9,9,9,9,9,9,9,9,9,9,217.706177804094,2,9
2404652,30,158,1-30-2024-158-NM2,22,1,7,3,9,9,9,9,9,9,9,9,9,9,9,9,9,9,9,9,9,9,9,9,9,9,415.467981801604,10,9
2405316,24,148,1-24-2024-148-NM1,21,1,3,1,2,1,0,0,0,9,9,9,9,1,0,0,0,0,0,0,0,0,0,0,0,9,23.1726143074507,1,9
2404042,29,53,1-29-2024-053-NM2,22,1,3,3,2,9,9,9,9,9,9,9,9,9,9,9,9,9,9,9,9,9,9,9,9,9,480.123684005821,2,9
2400118,69,3,1-69-2024-003-NM1,21,1,3,1,2,9,9,9,9,9,9,9,9,9,9,9,9,9,9,9,9,9,9,9,9,0,7.66811372485411,8,9
2400050,69,1,1-69-2024-001-NM1,21,1,3,1,2,9,9,9,9,9,9,9,9,0,0,0,0,9,9,9,9,0,0,0,0,0,7.66811372485411,8,9
2403963,18,109,1-18-2024-109-NM2,22,1,3,1,2,9,9,9,9,9,9,9,9,9,9,9,9,9,9,9,9,9,9,9,9,9,178.115957125676,6,9
2402228,27,70,1-27-2024-070-NM2,22,1,3,2,2,9,9,9,9,0,0,0,0,0,1,1,0,1,0,0,0,0,0,0,0,9,30.6673615919684,3,9
2401250,30,41,1-30-2024-041-NM1,21,1,3,2,2,1,0,0,0,1,0,1,0,0,1,0,0,1,0,0,0,0,1,0,0,3,28.3509494483113,10,9
2403858,77,129,1-77-2024-129-NM1,21,1,3,1,2,0,0,0,0,0,0,0,0,0,0,0,0,1,0,0,0,0,1,0,0,3,113.21347390618,9,9
2402956,12,50,1-12-2024-050-NM2,22,1,3,1,2,0,0,0,0,1,0,0,0,0,1,1,0,0,0,0,0,0,0,0,0,0,639.059715073345,9,9
2403102,16,93,1-16-2024-093-NM2,22,1,3,1,2,0,0,0,0,0,0,0,0,0,0,0,0,0,0,0,0,0,0,0,0,0,346.176563309069,5,9
2400248,22,4,1-22-2024-004-NM2,22,1,3,1,2,1,0,0,0,0,0,1,0,0,1,0,0,0,0,0,0,0,0,0,0,0,105.99041920132,12,9
2404267,15,171,1-15-2024-171-NM2,22,1,3,2,2,0,0,1,0,0,0,0,0,0,0,1,0,1,0,0,0,0,1,0,0,3,27.5756522213656,1,9
2405595,52,55,1-52-2024-055-NM2,22,1,3,1,2,1,0,0,0,1,0,0,0,0,1,1,0,0,0,0,0,0,0,0,0,0,153.764846051201,12,9
2405355,67,48,1-67-2024-048-NM2,22,1,4,2,3,1,0,0,0,0,1,0,0,0,1,0,0,1,0,0,0,0,0,0,0,0,466.844383438263,7,9
2405303,30,179,1-30-2024-179-NM2,22,1,3,2,9,9,9,9,9,9,9,9,9,9,9,9,9,9,9,9,9,9,9,9,9,9,503.501583789456,10,9
2401353,10,20,1-10-2024-020-NM2,22,1,3,1,2,9,9,9,9,9,9,9,9,9,9,9,9,9,9,9,9,9,9,9,9,9,1035.08583897877,4,9
2404064,73,113,1-73-2024-113-NM2,22,1,3,3,2,9,9,9,9,9,9,9,9,9,9,9,9,9,9,9,9,9,9,9,9,9,537.853972469241,3,9
2401453,22,45,1-22-2024-045-NM2,22,1,3,1,2,1,0,0,0,0,0,0,0,0,1,0,0,0,0,0,0,0,1,0,0,2,29.8393033504253,12,9
2401339,59,43,1-59-2024-043-NM2,22,1,3,1,2,1,0,0,0,0,0,0,0,0,0,0,0,0,0,0,0,0,0,0,0,0,260.431399312795,6,9
2401980,26,53,1-26-2024-053-NM2,22,1,3,2,2,1,0,0,0,0,0,0,0,0,1,0,0,1,0,0,0,1,0,0,0,0,326.204869245419,10,9
2403660,10,59,1-10-2024-059-NM2,22,1,3,3,2,9,9,9,9,9,9,9,9,9,9,9,9,9,9,9,9,9,9,9,9,9,271.413807736263,4,9
2401084,77,37,1-77-2024-037-NM2,22,1,9,3,2,9,9,9,9,9,9,9,9,9,9,9,9,9,9,9,9,9,9,9,9,9,297.636915073691,9,9
2405993,29,104,1-29-2024-104-NM1,21,1,97,2,9,9,9,9,9,9,9,9,9,9,9,9,9,9,9,9,9,9,9,9,9,9,46.066249775962,2,9
2402767,27,90,1-27-2024-090-NM2,22,1,3,1,2,0,0,0,0,0,0,0,0,0,0,0,0,0,0,0,0,0,0,0,0,0,33.2945661482558,3,9
2403346,24,92,1-24-2024-092-NM1,21,1,97,2,5,9,9,9,9,9,9,9,9,9,9,9,9,9,9,9,9,9,9,9,9,9,23.1726143074507,1,9
2405218,28,164,1-28-2024-164-NM2,22,1,3,2,2,1,0,0,0,0,0,0,0,0,1,0,0,1,0,0,0,0,1,0,0,2,142.962485684357,3,9
2405381,22,165,1-22-2024-165-NM2,22,1,9,2,2,9,9,9,9,9,9,9,9,9,9,9,9,0,0,0,0,0,0,0,0,0,86.2407444911639,12,9
2403403,29,33,1-29-2024-033-NM2,22,1,3,1,2,9,9,9,9,9,9,9,9,9,9,9,9,9,9,9,9,9,9,9,9,9,717.115181555973,2,9
2405722,30,193,1-30-2024-193-NM2,22,1,9,3,9,9,9,9,9,9,9,9,9,9,9,9,9,9,9,9,9,9,9,9,9,9,2186.42290292287,10,9
2402888,15,114,1-15-2024-114-NM2,22,1,3,3,2,9,9,9,9,9,9,9,9,9,9,9,9,9,9,9,9,9,9,9,9,9,35.5740146987417,1,9
2400518,26,10,1-26-2024-010-NM2,22,1,3,1,2,9,9,9,9,9,9,9,9,9,9,9,9,9,9,9,9,9,9,9,9,9,585.861766834301,10,9
2404354,12,79,1-12-2024-079-NM2,22,1,3,1,2,0,0,0,0,9,9,9,9,0,0,0,0,0,0,0,0,0,0,0,0,0,719.957760795501,9,9
2401752,13,46,1-13-2024-046-NM2,22,1,3,1,2,9,9,9,9,9,9,9,9,9,9,9,9,9,9,9,9,9,9,9,9,9,2482.68938093394,7,9
2402195,79,44,1-79-2024-044-NM2,22,1,3,1,2,9,9,9,9,9,9,9,9,9,9,9,9,9,9,9,9,9,9,9,9,9,110.555038236303,8,9
2403644,21,77,1-21-2024-077-NM2,22,1,3,1,2,1,0,0,0,0,1,0,0,0,1,0,0,1,0,0,0,0,0,0,0,1,1397.14293235216,11,9
2403715,25,97,1-25-2024-097-NM2,22,1,3,2,2,9,9,9,9,9,9,9,9,9,9,9,9,9,9,9,9,9,9,9,9,9,209.921679437629,2,9
2404477,27,140,1-27-2024-140-NM2,22,1,3,1,2,1,0,0,0,0,0,0,0,0,1,0,0,1,0,0,0,0,1,0,0,3,26.6993316813968,3,9
2403028,31,63,1-31-2024-063-NM2,22,1,3,2,2,9,9,9,9,9,9,9,9,9,9,9,9,9,9,9,9,9,9,9,9,0,197.377933176122,6,9
2406323,14,132,1-14-2024-132-NM2,22,1,3,1,2,0,0,1,0,9,9,9,9,0,1,0,0,0,0,0,1,9,9,9,9,1,464.271661627575,8,9
2403389,15,132,1-15-2024-132-NM2,22,1,9,2,2,9,9,9,9,9,9,9,9,9,9,9,9,9,9,9,9,9,9,9,9,9,43.1774985201338,1,9
2402702,20,77,1-20-2024-077-NM2,22,1,3,1,2,0,0,0,0,1,0,0,0,0,1,0,0,0,0,0,0,0,0,0,0,0,87.941289186377,11,9
2404371,22,130,1-22-2024-130-NM2,22,1,3,1,2,9,9,9,9,9,9,9,9,9,9,9,9,9,9,9,9,9,9,9,9,9,24.4305122731702,12,9
2405745,22,175,1-22-2024-175-NM2,22,1,3,3,2,9,9,9,9,9,9,9,9,9,9,9,9,9,9,9,9,9,9,9,9,9,38.9781737548834,12,9
2402379,26,68,1-26-2024-068-NM2,22,1,3,3,9,9,9,9,9,9,9,9,9,9,9,9,9,9,9,9,9,9,9,9,9,9,401.065954850307,10,9
2404902,57,145,1-57-2024-145-NM2,22,1,3,3,2,9,9,9,9,9,9,9,9,9,9,9,9,9,9,9,9,9,9,9,9,9,184.840196410829,1,9
2405234,26,120,1-26-2024-120-NM2,22,1,3,3,2,9,9,9,9,9,9,9,9,9,9,9,9,9,9,9,9,9,9,9,9,9,2513.96756463306,10,9
2400611,24,13,1-24-2024-013-NM2,22,1,3,1,2,9,9,9,9,9,9,9,9,0,0,1,0,9,9,9,9,9,9,9,9,9,147.143075961834,1,9
2401793,20,53,1-20-2024-053-NM2,22,1,3,1,2,0,0,0,0,0,0,0,0,0,0,0,0,0,0,0,0,0,0,0,0,0,172.732860679058,11,9
2402148,59,67,1-59-2024-067-NM1,21,1,3,1,2,9,9,9,9,9,9,9,9,9,9,9,9,9,9,9,9,9,9,9,9,9,62.3822922049643,6,9
2405729,82,163,1-82-2024-163-NM2,22,1,9,2,2,9,9,9,9,9,9,9,9,9,9,9,9,9,9,9,9,9,9,9,9,9,2077.73112331519,1,9
2404163,25,113,1-25-2024-113-NM2,22,1,3,3,2,9,9,9,9,9,9,9,9,9,9,9,9,9,9,9,9,9,9,9,9,0,217.706177804094,2,9
2403628,26,103,1-26-2024-103-NM2,22,1,3,3,2,9,9,9,9,9,9,9,9,9,9,9,9,0,0,0,0,0,0,0,0,0,471.653968173224,10,9
2404816,30,163,1-30-2024-163-NM2,22,1,9,3,9,9,9,9,9,9,9,9,9,9,9,9,9,9,9,9,9,9,9,9,9,9,814.767720332015,10,9
2402841,24,79,1-24-2024-079-NM1,21,1,3,1,2,1,0,0,0,9,9,9,9,0,0,1,0,0,0,0,0,9,9,9,9,0,23.1726143074507,1,9
2404169,16,111,1-16-2024-111-NM2,22,1,3,1,2,9,9,9,9,9,9,9,9,9,9,9,9,9,9,9,9,9,9,9,9,9,253.20495381158,5,9
2401862,30,62,1-30-2024-062-NM2,22,1,3,3,2,9,9,9,9,9,9,9,9,9,9,9,9,9,9,9,9,9,9,9,9,9,511.59271785067,10,9
2405105,27,160,1-27-2024-160-NM2,22,1,3,2,2,1,0,0,0,0,0,0,0,0,1,1,0,1,0,0,0,0,0,0,0,0,35.0197990149152,3,9
2401902,73,58,1-73-2024-058-NM1,21,1,1,1,4,9,9,9,9,9,9,9,9,9,9,9,9,9,9,9,9,9,9,9,9,9,34.5788324725448,3,9
2402168,48,72,1-48-2024-072-NM2,22,1,3,1,2,0,0,0,0,0,0,0,0,0,0,0,0,0,0,0,0,0,0,0,0,0,76.3842355060005,12,9
2401790,81,35,1-81-2024-035-NM1,21,1,9,2,2,9,9,9,9,9,9,9,9,9,9,9,9,9,9,9,9,9,9,9,9,9,46.909790827141,8,9
2404587,25,122,1-25-2024-122-NM2,22,1,3,1,2,0,0,0,0,0,0,0,0,0,1,0,0,0,0,0,0,0,0,0,0,0,117.391789482128,2,9
2405420,30,185,1-30-2024-185-NM1,21,1,5,1,4,9,9,9,9,9,9,9,9,9,9,9,9,9,9,9,9,9,9,9,9,9,122.593345274421,10,9
2403754,21,79,1-21-2024-079-NM1,21,1,3,1,2,0,0,0,0,1,0,0,0,0,0,1,0,0,0,0,0,0,0,0,0,0,15.3205421761938,11,9
2402288,81,46,1-81-2024-046-NM2,22,1,9,2,9,9,9,9,9,9,9,9,9,9,9,9,9,9,9,9,9,9,9,9,9,9,2408.08347527868,8,9
2402288,81,46,1-81-2024-046-NM2,22,2,9,2,9,9,9,9,9,9,9,9,9,9,9,9,9,9,9,9,9,9,9,9,9,9,2408.08347527868,8,9
2404887,17,158,1-17-2024-158-NM2,22,1,3,1,2,1,0,0,0,1,0,0,0,0,1,1,0,0,0,0,0,0,0,0,0,0,62.2469031035836,4,9
2401297,27,43,1-27-2024-043-NM1,21,1,3,1,2,9,9,9,9,9,9,9,9,9,9,9,9,9,9,9,9,9,9,9,9,9,20.2398432682456,3,9
2404569,18,121,1-18-2024-121-NM2,22,1,3,3,9,9,9,9,9,9,9,9,9,9,9,9,9,9,9,9,9,9,9,9,9,9,142.413843051628,6,9
2401535,12,28,1-12-2024-028-NM2,22,1,3,1,2,9,9,9,9,9,9,9,9,9,9,9,9,9,9,9,9,9,9,9,9,9,249.68170357321,9,9
2400470,30,16,1-30-2024-016-NM2,22,1,3,1,2,9,9,9,9,9,9,9,9,9,9,9,9,9,9,9,9,9,9,9,9,9,614.931666902505,10,9
2404924,12,94,1-12-2024-094-NM1,21,1,3,1,2,1,0,0,0,1,0,0,0,0,1,0,0,1,0,0,0,1,0,0,0,3,263.286057296844,9,9
2400447,67,5,1-67-2024-005-NM2,22,1,3,2,2,9,9,9,9,9,9,9,9,9,9,9,9,0,0,0,0,1,1,1,0,2,483.798087598719,7,9
2403627,26,102,1-26-2024-102-NM2,22,1,3,1,2,0,0,0,0,0,0,0,0,0,0,0,0,0,0,0,0,0,0,0,0,0,471.653968173224,10,9
2404755,22,143,1-22-2024-143-NM2,22,1,3,2,2,9,9,9,9,9,9,9,9,9,9,9,9,1,0,1,0,0,1,1,0,3,85.2845477308788,12,9
2406281,52,63,1-52-2024-063-NM2,22,1,7,3,9,9,9,9,9,9,9,9,9,9,9,9,9,9,9,9,9,9,9,9,9,9,99.7929570162416,12,9
2401715,26,45,1-26-2024-045-NM2,22,1,3,1,2,1,0,0,0,0,0,0,0,0,1,0,0,0,0,0,0,0,0,0,0,0,339.064613159241,10,9
2402995,27,96,1-27-2024-096-NM2,22,1,3,2,2,1,0,0,0,1,0,0,0,0,1,0,0,1,0,0,0,0,1,0,0,2,45.5428338265018,3,9
2405007,30,171,1-30-2024-171-NM2,22,1,3,1,2,0,0,0,0,0,0,0,0,0,0,0,0,0,0,0,0,0,0,0,0,0,699.896518115335,10,9
2405843,11,178,1-11-2024-178-NM2,22,1,3,1,2,9,9,9,9,9,9,9,9,9,9,9,9,9,9,9,9,9,9,9,9,9,142.256664296033,8,9
2404463,14,82,1-14-2024-082-NM2,22,1,6,1,9,9,9,9,9,9,9,9,9,9,9,9,9,9,9,9,9,9,9,9,9,9,398.655902879135,8,9
2400693,77,22,1-77-2024-022-NM2,22,1,3,1,2,9,9,9,9,9,9,9,9,9,9,9,9,9,9,9,9,9,9,9,9,9,426.24158292944,9,9
2402620,31,52,1-31-2024-052-NM2,22,1,3,3,2,9,9,9,9,9,9,9,9,9,9,9,9,9,9,9,9,9,9,9,9,9,197.377933176122,6,9
2404586,25,121,1-25-2024-121-NM2,22,1,3,3,2,9,9,9,9,9,9,9,9,9,9,9,9,9,9,9,9,9,9,9,9,9,117.391789482128,2,9
2403500,32,122,1-32-2024-122-NM1,21,1,3,3,2,9,9,9,9,9,9,9,9,9,9,9,9,9,9,9,9,9,9,9,9,9,14.4199310356771,7,9
2404502,31,95,1-31-2024-095-NM2,22,1,3,1,2,9,9,9,9,9,9,9,9,9,9,9,9,9,9,9,9,9,9,9,9,9,343.437603726452,6,9
2405120,22,154,1-22-2024-154-NM2,22,1,3,1,2,9,9,9,9,9,9,9,9,0,0,0,1,0,0,0,0,9,9,9,9,9,64.1408737687855,12,9
2403191,12,53,1-12-2024-053-NM2,22,1,5,2,4,0,0,0,0,0,0,0,0,0,0,0,0,0,0,0,0,0,0,0,0,0,279.612696685556,9,9
2404711,25,125,1-25-2024-125-NM1,21,1,3,1,2,9,9,9,9,9,9,9,9,9,9,9,9,0,0,0,0,0,0,0,0,0,55.4169403670828,2,9
2405106,27,161,1-27-2024-161-NM2,22,1,9,2,2,9,9,9,9,0,0,1,0,9,9,9,9,1,0,0,0,0,1,0,0,0,35.0197990231484,3,9
2402661,10,39,1-10-2024-039-NM2,22,1,3,3,2,9,9,9,9,9,9,9,9,9,9,9,9,9,9,9,9,9,9,9,9,9,340.440602144735,4,9
2402306,30,80,1-30-2024-080-NM2,22,1,3,3,2,9,9,9,9,9,9,9,9,9,9,9,9,9,9,9,9,9,9,9,9,9,2370.57424915505,10,9
2404012,32,127,1-32-2024-127-NM1,21,1,3,1,2,9,9,9,9,9,9,9,9,9,9,9,9,9,9,9,9,9,9,9,9,9,81.1432128652192,7,9
2405266,59,155,1-59-2024-155-NM2,22,1,3,1,2,9,9,9,9,9,9,9,9,9,9,9,9,0,0,0,0,0,0,0,0,0,265.224171982023,6,9
2404825,24,135,1-24-2024-135-NM2,22,1,3,2,2,1,0,0,0,0,0,0,0,0,1,0,0,1,0,0,0,0,1,0,0,2,43.9956216097119,1,9
2402381,27,75,1-27-2024-075-NM2,22,1,3,2,2,1,0,0,0,0,0,0,1,0,1,0,0,1,0,0,0,0,1,0,0,3,58.8273813617497,3,9
2405870,81,152,1-81-2024-152-NM1,21,1,3,3,2,9,9,9,9,9,9,9,9,9,9,9,9,9,9,9,9,9,9,9,9,9,20.2135532866767,8,9
2402267,31,43,1-31-2024-043-NM2,22,1,3,1,2,0,1,0,0,0,1,0,0,0,1,0,0,9,9,9,9,9,9,9,9,0,197.377933176122,6,9
2401085,77,38,1-77-2024-038-NM2,22,1,9,2,2,9,9,9,9,9,9,9,9,9,9,9,9,9,9,9,9,9,9,9,9,9,297.636915073691,9,9
2404422,33,84,1-33-2024-084-NM1,21,1,5,2,4,0,0,0,0,0,0,0,0,0,1,0,0,0,0,0,0,0,0,0,0,0,41.0900179301514,12,9
2406343,11,191,1-11-2024-191-NM1,21,1,3,1,2,0,0,0,0,0,0,0,0,0,0,1,0,0,0,0,0,0,0,0,0,0,37.1071357763572,8,9
2404706,11,142,1-11-2024-142-NM1,21,1,3,1,2,0,0,0,0,1,0,0,0,0,1,0,0,0,0,0,0,0,0,0,0,0,37.1071357763572,8,9
2402307,30,81,1-30-2024-081-NM1,21,1,3,3,2,9,9,9,9,9,9,9,9,9,9,9,9,9,9,9,9,9,9,9,9,9,70.0679338170937,10,9
2406194,82,169,1-82-2024-169-NM2,22,1,3,3,9,9,9,9,9,9,9,9,9,9,9,9,9,9,9,9,9,9,9,9,9,9,291.351098901355,1,9
2401487,59,47,1-59-2024-047-NM2,22,1,3,1,2,1,0,0,0,9,9,9,9,9,9,9,9,1,0,0,0,9,9,9,9,1,122.869992801552,6,9
2403193,30,111,1-30-2024-111-NM1,21,1,3,3,2,9,9,9,9,9,9,9,9,9,9,9,9,9,9,9,9,9,9,9,9,9,39.9148366584821,10,9
2406110,22,186,1-22-2024-186-NM2,22,1,3,3,2,9,9,9,9,9,9,9,9,9,9,9,9,9,9,9,9,9,9,9,9,9,94.6557465142525,12,9
2400514,15,18,1-15-2024-018-NM2,22,1,3,3,9,9,9,9,9,9,9,9,9,9,9,9,9,9,9,9,9,9,9,9,9,9,48.0070740321826,1,9
2401842,22,56,1-22-2024-056-NM2,22,1,3,1,2,9,9,9,9,9,9,9,9,9,9,9,9,0,0,0,0,0,0,0,0,0,24.4305122731702,12,9
2404235,26,108,1-26-2024-108-NM1,21,1,3,3,9,9,9,9,9,9,9,9,9,9,9,9,9,9,9,9,9,9,9,9,9,9,41.696402482386,10,9
2406373,10,131,1-10-2024-131-NM2,22,1,3,1,9,9,9,9,9,9,9,9,9,9,9,9,9,9,9,9,9,9,9,9,9,9,47.9403529530355,4,9
2402738,32,98,1-32-2024-098-NM1,21,1,3,3,2,9,9,9,9,9,9,9,9,9,9,9,9,9,9,9,9,9,9,9,9,9,72.5717518696977,7,9
2405348,15,204,1-15-2024-204-NM2,22,1,9,2,2,9,9,9,9,9,9,9,9,9,9,9,9,9,9,9,9,9,9,9,9,9,95.8031442610112,1,9
2402990,32,105,1-32-2024-105-NM2,22,1,3,1,2,9,9,9,9,9,9,9,9,9,9,9,9,9,9,9,9,9,9,9,9,9,564.925282878733,7,9
2404218,24,120,1-24-2024-120-NM2,22,1,9,2,2,9,9,9,9,9,9,9,9,9,9,9,9,9,9,9,9,9,9,9,9,9,253.744000679976,1,9
2405354,29,91,1-29-2024-091-NM2,22,1,3,2,2,9,9,9,9,9,9,9,9,9,9,9,9,9,9,9,9,9,9,9,9,9,400.603383200049,2,9
2405354,29,91,1-29-2024-091-NM2,22,2,3,2,2,9,9,9,9,9,9,9,9,9,9,9,9,9,9,9,9,9,9,9,9,9,400.603383200049,2,9
2400574,13,13,1-13-2024-013-NM1,21,1,97,1,2,0,0,0,0,0,0,0,0,0,0,0,0,0,0,0,0,0,0,0,0,0,16.3827604184312,7,9
2404890,30,167,1-30-2024-167-NM2,22,1,3,1,2,9,9,9,9,9,9,9,9,9,9,9,9,9,9,9,9,9,9,9,9,9,814.767720370494,10,9
2402589,33,42,1-33-2024-042-NM2,22,1,3,1,2,0,0,0,0,0,0,0,0,0,0,0,0,0,0,0,0,0,0,0,1,2,361.093515754961,12,9
2402755,26,80,1-26-2024-080-NM1,21,1,9,2,2,9,9,9,9,9,9,9,9,9,9,9,9,9,9,9,9,9,9,9,9,9,25.7030205312635,10,9
2402114,22,63,1-22-2024-063-NM2,22,1,3,3,2,9,9,9,9,9,9,9,9,9,9,9,9,9,9,9,9,9,9,9,9,9,82.628551642103,12,9
