CASEID,PSU,CASENO,CASENUMBER,CATEGORY,VEHNO,OCCNO,AGE,HEIGHT,WEIGHT,SEX,FETALMORT,ROLE,RACE,ETHNICITY,EYEWEAR,PARBELTUSE,PARAIRBAG,PARINJSEV,CASEWGT,PSUSTRAT,VERSION
2401724,22,52,1-22-2024-052-NM2,22,1,1,57,188,104,1,8,1,1,2,1,8,2,0,30.6635507189318,12,9
2401715,26,45,1-26-2024-045-NM2,22,1,1,60,168,109,2,8,1,1,9,9,3,2,0,339.064613159241,10,9
2401752,13,46,1-13-2024-046-NM2,22,1,1,16,170,57,2,8,1,1,2,3,3,2,0,2482.68938093394,7,9
2401773,33,29,1-33-2024-029-NM2,22,1,1,33,178,107,1,8,1,7,1,1,3,2,0,84.6784527844662,12,9
2401793,20,53,1-20-2024-053-NM2,22,1,1,29,168,98,1,8,1,2,9,9,3,2,0,172.732860679058,11,9
2401842,22,56,1-22-2024-056-NM2,22,1,1,28,157,44,2,8,1,1,2,0,8,2,0,24.4305122731702,12,9
2401862,30,62,1-30-2024-062-NM2,22,1,1,36,175,54,2,8,1,1,2,0,3,2,0,511.59271785067,10,9
2401980,26,53,1-26-2024-053-NM2,22,1,1,20,165,61,2,8,1,1,9,9,3,2,0,326.204869245419,10,9
2405745,22,175,1-22-2024-175-NM2,22,1,1,61,155,64,2,8,1,1,2,1,8,2,0,38.9781737548834,12,9
2405729,82,163,1-82-2024-163-NM2,22,1,1,53,999,999,2,8,1,9,9,9,3,2,0,2077.73112331519,1,9
2405770,57,178,1-57-2024-178-NM2,22,1,1,999,999,999,9,8,1,9,9,9,8,3,9,167.365124450856,1,9
2405846,15,225,1-15-2024-225-NM2,22,1,1,28,999,999,2,8,1,9,9,9,3,7,0,31.8783964598429,1,9
2405849,18,144,1-18-2024-144-NM2,22,1,1,70,999,999,2,8,1,1,9,9,8,2,0,131.063519990856,6,9
2405854,29,101,1-29-2024-101-NM2,22,1,1,22,999,999,2,8,1,9,9,9,3,2,0,1234.79079181352,2,9
2405843,11,178,1-11-2024-178-NM2,22,1,1,22,185,86,1,8,1,2,2,0,3,2,0,142.256664296033,8,9
2405886,57,185,1-57-2024-185-NM2,22,1,1,48,999,999,2,8,1,9,9,9,3,2,0,382.264183805407,1,9
2405953,27,183,1-27-2024-183-NM2,22,1,1,17,160,107,2,8,1,1,2,0,3,2,0,130.19869272293,3,9
2405987,15,233,1-15-2024-233-NM2,22,1,1,52,999,999,2,8,1,9,9,9,3,7,0,32.4789185953742,1,9
2405941,11,180,1-11-2024-180-NM2,22,1,1,46,183,82,1,8,1,1,2,0,3,2,0,2346.62012709175,8,9
2406001,81,158,1-81-2024-158-NM2,22,2,1,67,999,999,2,8,1,1,2,1,3,2,0,1666.588526805,8,9
2406110,22,186,1-22-2024-186-NM2,22,1,1,38,999,999,1,8,1,9,9,9,8,2,0,94.6557465142525,12,9
2406207,22,188,1-22-2024-188-NM2,22,1,1,44,999,999,2,8,1,1,9,0,8,2,0,24.4305122731702,12,9
2406213,66,121,1-66-2024-121-NM2,22,1,1,36,157,61,2,8,1,1,1,1,3,2,0,110.074249285118,6,9
2406219,15,242,1-15-2024-242-NM2,22,1,1,49,999,999,2,8,1,9,9,9,9,7,0,30.3797729398406,1,9
2406243,67,57,1-67-2024-057-NM2,22,1,1,45,999,999,2,8,1,1,9,9,3,2,0,280.830811465838,7,9
2406281,52,63,1-52-2024-063-NM2,22,1,1,35,999,999,1,8,1,9,9,9,8,2,0,99.7929570162416,12,9
2406292,22,191,1-22-2024-191-NM2,22,1,1,85,165,58,2,8,1,1,2,0,3,2,0,24.4305122731702,12,9
2406194,82,169,1-82-2024-169-NM2,22,1,1,40,999,999,1,8,1,9,9,9,3,7,0,291.351098901355,1,9
2406323,14,132,1-14-2024-132-NM2,22,1,1,36,999,999,1,8,1,9,1,9,3,2,0,464.271661627575,8,9
2406368,20,150,1-20-2024-150-NM2,22,1,1,999,999,999,9,8,1,9,9,9,9,7,9,450.978616278898,11,9
2406373,10,131,1-10-2024-131-NM2,22,1,1,999,999,999,9,8,1,9,9,9,8,7,0,47.9403529530355,4,9
2406376,20,151,1-20-2024-151-NM2,22,1,1,48,168,73,2,8,1,1,2,0,3,2,0,1093.0659222961,11,9
2402956,12,50,1-12-2024-050-NM2,22,1,1,50,150,64,2,8,1,1,1,1,3,2,0,639.059715073345,9,9
2402975,24,81,1-24-2024-081-NM2,22,1,1,67,163,59,2,8,1,1,2,0,3,2,0,262.129476205265,1,9
2402990,32,105,1-32-2024-105-NM2,22,1,1,36,999,999,1,8,1,9,1,9,3,2,0,564.925282878733,7,9
2403020,22,90,1-22-2024-090-NM2,22,1,1,17,999,999,1,8,1,9,9,9,3,2,0,24.4305122731702,12,9
2402995,27,96,1-27-2024-096-NM2,22,1,1,58,168,104,1,8,1,1,2,1,3,2,0,45.5428338265018,3,9
2403028,31,63,1-31-2024-063-NM2,22,1,1,70,999,999,2,8,1,1,9,9,3,2,0,197.377933176122,6,9
2403102,16,93,1-16-2024-093-NM2,22,1,1,61,163,77,2,8,1,1,2,0,3,2,0,346.176563309069,5,9
2403175,10,48,1-10-2024-048-NM2,22,1,1,33,999,999,1,8,1,9,9,9,3,2,0,917.555786243938,4,9
2403191,12,53,1-12-2024-053-NM2,22,1,1,52,175,104,1,8,1,1,1,1,3,2,0,279.612696685556,9,9
2403275,20,88,1-20-2024-088-NM2,22,1,1,42,178,134,1,8,1,9,1,9,0,2,0,204.607683671141,11,9
2403403,29,33,1-29-2024-033-NM2,22,1,1,22,999,999,2,8,1,9,9,9,0,2,0,717.115181555973,2,9
2403389,15,132,1-15-2024-132-NM2,22,1,1,52,999,999,2,8,1,9,9,9,3,7,0,43.1774985201338,1,9
2403432,62,93,1-62-2024-093-NM2,22,1,1,19,999,999,2,8,1,2,9,9,8,2,0,1033.17136515517,7,9
2403432,62,93,1-62-2024-093-NM2,22,2,1,999,999,999,9,8,1,9,9,9,8,9,5,1033.17136515517,7,9
2403509,82,89,1-82-2024-089-NM2,22,1,1,81,999,999,1,8,1,9,9,9,3,2,0,184.00474438731,1,9
2403576,30,126,1-30-2024-126-NM2,22,1,1,999,999,999,9,8,1,9,9,9,9,7,0,516.81832296578,10,9
2403628,26,103,1-26-2024-103-NM2,22,1,1,24,160,54,2,8,1,9,1,9,3,2,0,471.653968173224,10,9
2403627,26,102,1-26-2024-102-NM2,22,1,1,24,188,79,1,8,1,1,9,9,3,2,0,471.653968173224,10,9
2403641,29,39,1-29-2024-039-NM2,22,1,1,18,999,999,1,8,1,1,9,9,3,2,0,381.081668154122,2,9
2403644,21,77,1-21-2024-077-NM2,22,1,1,48,155,77,2,8,1,9,9,9,3,2,0,1397.14293235216,11,9
2403660,10,59,1-10-2024-059-NM2,22,1,1,36,999,999,1,8,1,9,9,9,3,2,0,271.413807736263,4,9
2403715,25,97,1-25-2024-097-NM2,22,1,1,75,999,999,1,8,1,1,9,9,3,2,0,209.921679437629,2,9
2403048,10,45,1-10-2024-045-NM2,22,1,1,999,999,999,9,8,1,9,9,9,8,9,9,461.067694088124,4,9
2403877,17,122,1-17-2024-122-NM2,22,1,1,18,173,84,1,8,1,1,1,0,3,2,0,97.286021862156,4,9
2403963,18,109,1-18-2024-109-NM2,22,1,1,20,999,999,1,8,1,1,9,9,3,2,0,178.115957125676,6,9
2403980,66,81,1-66-2024-081-NM2,22,1,1,999,999,999,9,8,1,9,9,9,8,9,0,110.074249285118,6,9
2404029,82,106,1-82-2024-106-NM2,22,1,1,54,168,100,2,8,1,1,1,0,3,2,0,313.918669121444,1,9
2404042,29,53,1-29-2024-053-NM2,22,1,1,58,999,999,2,8,1,9,9,9,8,2,0,480.123684005821,2,9
2404051,59,121,1-59-2024-121-NM2,22,1,1,56,177,118,1,8,1,1,2,1,1,7,0,778.982106600467,6,9
2404064,73,113,1-73-2024-113-NM2,22,1,1,78,999,999,1,8,1,9,9,9,3,2,0,537.853972469241,3,9
2404084,69,91,1-69-2024-091-NM2,22,1,1,16,999,999,1,8,1,1,9,9,8,2,0,98.6054556454264,8,9
2404902,57,145,1-57-2024-145-NM2,22,1,1,999,999,999,1,8,1,9,9,9,9,7,0,184.840196410829,1,9
2404933,33,96,1-33-2024-096-NM2,22,1,1,17,173,59,1,8,1,1,9,9,3,2,0,151.096542186302,12,9
2404943,24,137,1-24-2024-137-NM2,22,1,1,65,168,999,2,8,1,1,2,0,3,2,0,103.775968566411,1,9
2405007,30,171,1-30-2024-171-NM2,22,1,1,43,999,999,2,8,1,9,9,9,3,2,0,699.896518115335,10,9
2405009,30,172,1-30-2024-172-NM2,22,1,1,18,999,999,2,8,1,9,9,9,3,2,0,699.896518145871,10,9
2404652,30,158,1-30-2024-158-NM2,22,1,1,81,999,999,1,8,1,9,9,9,3,2,0,415.467981801604,10,9
2405111,15,197,1-15-2024-197-NM2,22,1,1,17,999,999,2,8,1,9,9,9,3,7,0,69.3276767334112,1,9
2405105,27,160,1-27-2024-160-NM2,22,1,1,66,165,61,1,8,1,1,2,0,8,2,0,35.0197990149152,3,9
2405106,27,161,1-27-2024-161-NM2,22,1,1,33,999,999,1,8,1,9,9,0,3,2,0,35.0197990231484,3,9
2405121,22,155,1-22-2024-155-NM2,22,1,1,30,168,110,2,8,1,1,2,0,3,2,0,64.1408737687855,12,9
2405120,22,154,1-22-2024-154-NM2,22,1,1,38,999,999,2,8,1,9,9,9,3,2,0,64.1408737687855,12,9
2405042,18,126,1-18-2024-126-NM2,22,1,1,54,999,999,1,8,1,1,2,0,3,2,0,352.555780341459,6,9
2405218,28,164,1-28-2024-164-NM2,22,1,1,29,180,79,1,8,1,1,2,0,3,0,0,142.962485684357,3,9
2405234,26,120,1-26-2024-120-NM2,22,1,1,49,183,98,1,8,1,1,9,9,3,2,0,2513.96756463306,10,9
2405228,82,149,1-82-2024-149-NM2,22,1,1,72,999,999,2,8,1,9,9,9,3,2,0,530.041651146454,1,9
2405238,22,161,1-22-2024-161-NM2,22,1,1,34,999,999,1,8,1,9,9,9,3,7,0,45.2877985053891,12,9
2405242,17,171,1-17-2024-171-NM2,22,1,1,60,178,73,1,8,1,1,2,0,3,2,0,85.8489914277837,4,9
2405266,59,155,1-59-2024-155-NM2,22,1,1,71,172,109,1,8,1,1,2,0,8,9,0,265.224171982023,6,9
2405303,30,179,1-30-2024-179-NM2,22,1,1,45,999,999,2,8,1,9,9,9,3,2,0,503.501583789456,10,9
2405348,15,204,1-15-2024-204-NM2,22,1,1,70,999,999,2,8,1,9,9,9,3,7,0,95.8031442610112,1,9
2405355,67,48,1-67-2024-048-NM2,22,1,1,37,155,54,2,8,1,1,1,0,3,2,0,466.844383438263,7,9
2405353,29,90,1-29-2024-090-NM2,22,1,1,62,157,76,2,8,1,1,2,0,8,2,0,400.603383200049,2,9
2405354,29,91,1-29-2024-091-NM2,22,1,1,31,999,999,1,8,1,9,9,9,3,2,0,400.603383200049,2,9
2405381,22,165,1-22-2024-165-NM2,22,1,1,27,999,999,2,8,1,9,9,9,8,7,0,86.2407444911639,12,9
2405444,17,180,1-17-2024-180-NM2,22,1,1,56,163,77,2,8,1,1,2,1,3,2,0,245.767819800364,4,9
2405491,22,168,1-22-2024-168-NM2,22,1,1,75,999,999,1,8,1,9,9,9,3,2,0,63.7015832881093,12,9
2405560,57,173,1-57-2024-173-NM2,22,1,1,44,999,999,2,8,1,9,9,9,9,2,0,166.164473508738,1,9
2405570,25,151,1-25-2024-151-NM2,22,1,1,67,165,64,1,8,1,1,2,0,3,2,0,362.735522403193,2,9
2405575,11,166,1-11-2024-166-NM2,22,1,1,71,999,999,1,8,1,9,9,9,3,2,0,1994.3486165726,8,9
2405595,52,55,1-52-2024-055-NM2,22,1,1,58,999,999,1,8,1,9,9,9,3,2,0,153.764846051201,12,9
2405594,27,174,1-27-2024-174-NM2,22,1,1,61,183,98,1,8,1,2,2,1,8,2,0,41.6395308351094,3,9
2405722,30,193,1-30-2024-193-NM2,22,1,1,52,999,999,1,8,1,9,9,9,3,2,0,2186.42290292287,10,9
2401453,22,45,1-22-2024-045-NM2,22,1,1,34,170,102,2,8,1,1,2,1,8,2,0,29.8393033504253,12,9
2401459,15,57,1-15-2024-057-NM2,22,1,1,61,999,999,1,8,1,9,9,9,9,7,0,62.2950385720824,1,9
2401481,77,50,1-77-2024-050-NM2,22,1,1,76,999,999,1,8,1,9,9,9,3,2,0,306.910106229355,9,9
2401487,59,47,1-59-2024-047-NM2,22,1,1,999,999,999,1,8,1,9,9,9,9,7,0,122.869992801552,6,9
2401489,59,49,1-59-2024-049-NM2,22,1,1,999,999,999,9,8,1,9,9,9,9,7,9,122.869992801552,6,9
2401535,12,28,1-12-2024-028-NM2,22,1,1,88,165,60,1,8,1,1,2,1,3,2,0,249.68170357321,9,9
2401592,28,42,1-28-2024-042-NM2,22,1,1,70,999,999,1,8,1,9,9,9,3,2,0,37.9334438090452,3,9
2401615,59,51,1-59-2024-051-NM2,22,1,1,61,185,122,1,8,1,1,2,0,3,7,0,173.711917950995,6,9
2401665,24,37,1-24-2024-037-NM2,22,1,1,26,999,999,2,8,1,9,9,9,8,2,0,87.1884768897586,1,9
2401718,21,32,1-21-2024-032-NM2,22,1,1,33,182,127,1,8,1,1,2,0,3,2,0,2513.96756463306,11,9
2404117,24,116,1-24-2024-116-NM2,22,1,1,18,999,999,1,8,1,9,9,9,3,1,0,150.695729579903,1,9
2404141,15,165,1-15-2024-165-NM2,22,1,1,37,999,999,2,8,1,9,9,9,3,7,0,26.3765495168134,1,9
2404140,15,164,1-15-2024-164-NM2,22,1,1,38,999,999,1,8,1,9,9,9,3,7,0,26.3765495179532,1,9
2404160,25,110,1-25-2024-110-NM2,22,1,1,72,178,108,1,8,1,1,2,0,3,2,0,217.706177804094,2,9
2404163,25,113,1-25-2024-113-NM2,22,1,1,31,180,79,1,8,1,3,2,0,3,2,0,217.706177804094,2,9
2404169,16,111,1-16-2024-111-NM2,22,1,1,29,999,999,1,8,1,9,9,9,3,2,0,253.20495381158,5,9
2404179,60,59,1-60-2024-059-NM1,21,1,1,56,999,999,1,8,1,1,9,9,3,2,0,43.22330010499,8,9
2404182,77,135,1-77-2024-135-NM2,22,1,1,65,999,999,2,8,1,9,9,9,3,2,0,829.004115071482,9,9
2404218,24,120,1-24-2024-120-NM2,22,1,1,25,999,999,2,8,1,3,2,9,3,7,0,253.744000679976,1,9
2404089,33,76,1-33-2024-076-NM2,22,1,1,999,178,120,2,8,1,1,9,9,3,2,0,228.732430580773,12,9
2404089,33,76,1-33-2024-076-NM2,22,2,1,17,178,69,1,8,1,1,9,9,3,2,0,228.732430580773,12,9
2404267,15,171,1-15-2024-171-NM2,22,1,1,21,999,999,1,8,1,9,9,9,3,7,0,27.5756522213656,1,9
2404354,12,79,1-12-2024-079-NM2,22,1,1,71,178,77,1,8,1,1,2,0,3,0,0,719.957760795501,9,9
2404371,22,130,1-22-2024-130-NM2,22,1,1,29,999,999,1,8,1,7,2,9,3,2,0,24.4305122731702,12,9
2404463,14,82,1-14-2024-082-NM2,22,1,1,26,165,68,1,8,1,1,1,0,3,2,0,398.655902879135,8,9
2404477,27,140,1-27-2024-140-NM2,22,1,1,17,160,107,2,8,1,1,2,0,3,2,0,26.6993316813968,3,9
2404482,82,121,1-82-2024-121-NM2,22,1,1,41,999,999,2,8,1,9,9,9,9,2,0,375.053029592921,1,9
2404502,31,95,1-31-2024-095-NM2,22,1,1,36,999,999,2,8,1,1,9,9,3,2,0,343.437603726452,6,9
2404542,10,84,1-10-2024-084-NM2,22,1,1,26,999,999,1,8,1,9,9,9,3,2,0,303.372657865986,4,9
2404586,25,121,1-25-2024-121-NM2,22,1,1,62,999,999,2,8,1,9,9,9,3,2,0,117.391789482128,2,9
2404587,25,122,1-25-2024-122-NM2,22,1,1,43,999,999,2,8,1,9,9,9,3,2,0,117.391789482128,2,9
2404650,82,126,1-82-2024-126-NM2,22,1,1,34,999,999,2,8,1,9,9,9,3,2,0,272.240647923415,1,9
2404755,22,143,1-22-2024-143-NM2,22,1,1,42,999,999,1,8,1,9,9,9,8,2,0,85.2845477308788,12,9
2404764,33,92,1-33-2024-092-NM2,22,1,1,19,196,129,1,8,1,1,9,9,0,7,0,355.828360472917,12,9
2404707,11,143,1-11-2024-143-NM2,22,1,1,16,999,999,2,8,1,9,9,9,3,2,0,2037.79059287364,8,9
2404816,30,163,1-30-2024-163-NM2,22,1,1,53,999,999,1,8,1,9,9,9,3,2,0,814.767720332015,10,9
2404825,24,135,1-24-2024-135-NM2,22,1,1,20,178,91,1,8,1,1,1,0,3,2,0,43.9956216097119,1,9
2404886,22,148,1-22-2024-148-NM2,22,1,1,20,183,77,1,8,1,1,2,0,3,2,0,35.1496027167127,12,9
2404887,17,158,1-17-2024-158-NM2,22,1,1,53,999,999,2,8,1,1,9,9,3,0,0,62.2469031035836,4,9
2404890,30,167,1-30-2024-167-NM2,22,1,1,40,999,999,1,8,1,9,9,9,3,2,0,814.767720370494,10,9
2404569,18,121,1-18-2024-121-NM2,22,1,1,62,999,999,1,8,1,1,9,9,8,2,0,142.413843051628,6,9
2402090,16,59,1-16-2024-059-NM1,21,1,1,30,999,999,1,8,1,9,9,9,8,9,0,19.3635256654646,5,9
2402114,22,63,1-22-2024-063-NM2,22,1,1,20,999,999,1,8,1,9,9,9,3,2,0,82.628551642103,12,9
2402124,28,61,1-28-2024-061-NM2,22,1,1,69,163,58,2,8,1,1,2,9,0,2,0,37.9334438090452,3,9
2402106,82,48,1-82-2024-048-NM2,22,1,1,33,999,999,2,8,1,9,9,9,3,2,0,217.855164636431,1,9
2402153,81,44,1-81-2024-044-NM2,22,1,1,999,999,999,1,8,1,9,9,9,9,7,9,2513.96756463306,8,9
2402168,48,72,1-48-2024-072-NM2,22,1,1,30,157,102,2,8,1,1,2,1,3,7,0,76.3842355060005,12,9
2402195,79,44,1-79-2024-044-NM2,22,1,1,56,188,96,1,8,1,2,9,0,3,2,0,110.555038236303,8,9
2402210,25,53,1-25-2024-053-NM2,22,1,1,56,999,999,2,8,1,9,9,9,3,2,0,202.399293704263,2,9
2402228,27,70,1-27-2024-070-NM2,22,1,1,34,168,86,2,8,1,1,2,1,3,2,0,30.6673615919684,3,9
2402260,26,63,1-26-2024-063-NM2,22,1,1,70,173,86,1,8,1,1,9,9,3,2,0,962.578555188656,10,9
2402243,15,87,1-15-2024-087-NM2,22,1,1,82,999,999,1,8,1,9,9,9,3,7,0,35.7446223566179,1,9
2402267,31,43,1-31-2024-043-NM2,22,1,1,27,999,999,1,8,1,9,9,9,3,2,0,197.377933176122,6,9
2402288,81,46,1-81-2024-046-NM2,22,1,1,26,183,75,1,8,1,2,2,0,3,2,0,2408.08347527868,8,9
2402379,26,68,1-26-2024-068-NM2,22,1,1,35,180,68,1,8,1,7,2,1,3,2,0,401.065954850307,10,9
2402381,27,75,1-27-2024-075-NM2,22,1,1,35,999,999,2,8,1,9,9,9,3,2,0,58.8273813617497,3,9
2402377,15,93,1-15-2024-093-NM2,22,1,1,40,999,999,2,8,1,9,9,9,3,7,0,172.627983004139,1,9
2402376,15,92,1-15-2024-092-NM2,22,1,1,65,170,70,2,8,1,2,2,0,3,7,0,172.627983004139,1,9
2402434,30,83,1-30-2024-083-NM2,22,1,1,24,183,66,1,8,1,1,1,0,3,7,0,361.666104097377,10,9
2402515,22,71,1-22-2024-071-NM2,22,1,1,21,160,111,2,8,1,1,2,0,3,2,0,85.2845477308788,12,9
2402589,33,42,1-33-2024-042-NM2,22,1,1,999,999,999,9,8,1,9,9,9,8,9,9,361.093515754961,12,9
2402620,31,52,1-31-2024-052-NM2,22,1,1,83,163,65,2,8,1,1,2,1,3,2,0,197.377933176122,6,9
2402625,21,52,1-21-2024-052-NM2,22,1,1,56,185,82,1,8,1,9,1,9,3,2,0,1946.80039165077,11,9
2402593,57,54,1-57-2024-054-NM2,22,1,1,35,999,999,2,8,1,9,9,9,3,2,0,570.311860030331,1,9
2402661,10,39,1-10-2024-039-NM2,22,1,1,80,999,999,1,8,1,9,9,9,3,2,0,340.440602144735,4,9
2402702,20,77,1-20-2024-077-NM2,22,1,1,68,165,77,1,8,1,1,1,0,3,0,0,87.941289186377,11,9
2402696,17,89,1-17-2024-089-NM2,22,1,1,52,999,999,2,8,1,1,9,9,3,2,0,75.2169154133713,4,9
2402754,26,79,1-26-2024-079-NM2,22,1,1,37,168,65,2,8,1,1,2,0,3,2,0,1030.55932741376,10,9
2402767,27,90,1-27-2024-090-NM2,22,1,1,41,163,70,1,8,1,3,2,9,3,2,0,33.2945661482558,3,9
2402638,82,63,1-82-2024-063-NM2,22,1,1,54,999,999,1,8,1,9,9,9,3,2,0,317.115950685831,1,9
2402306,30,80,1-30-2024-080-NM2,22,1,1,999,999,999,9,8,1,9,9,9,9,7,9,2370.57424915505,10,9
2402888,15,114,1-15-2024-114-NM2,22,1,1,61,999,999,2,8,1,9,9,9,3,7,0,35.5740146987417,1,9
2400048,60,1,1-60-2024-001-NM2,22,1,1,26,180,86,1,8,1,1,1,0,3,2,0,157.912873387776,8,9
2400079,59,5,1-59-2024-005-NM2,22,1,1,17,157,54,2,8,1,1,2,0,3,7,0,326.257763636632,6,9
2400112,28,2,1-28-2024-002-NM2,22,1,1,53,177,104,1,8,1,1,2,9,8,7,3,55.8454658150129,3,9
2400111,16,3,1-16-2024-003-NM2,22,1,1,88,191,107,1,8,1,1,2,1,3,2,0,1277.06637139415,5,9
2400248,22,4,1-22-2024-004-NM2,22,1,1,82,155,51,2,8,1,1,2,0,8,2,0,105.99041920132,12,9
2400447,67,5,1-67-2024-005-NM2,22,1,1,44,160,70,2,8,1,1,1,0,3,2,0,483.798087598719,7,9
2400470,30,16,1-30-2024-016-NM2,22,1,1,38,999,999,1,8,1,9,9,0,3,7,0,614.931666902505,10,9
2400448,82,13,1-82-2024-013-NM2,22,1,1,47,999,999,1,8,1,1,1,9,3,2,0,387.535062825824,1,9
2400518,26,10,1-26-2024-010-NM2,22,1,1,999,999,999,9,8,1,9,9,9,9,7,9,585.861766834301,10,9
2400514,15,18,1-15-2024-018-NM2,22,1,1,68,999,999,1,8,1,9,9,9,3,2,0,48.0070740321826,1,9
2400611,24,13,1-24-2024-013-NM2,22,1,1,38,999,999,1,8,1,9,9,9,9,2,0,147.143075961834,1,9
2400652,22,18,1-22-2024-018-NM2,22,1,1,17,999,999,2,8,1,9,9,9,3,2,0,29.4805146666259,12,9
2400662,26,13,1-26-2024-013-NM2,22,1,1,75,178,95,1,8,1,3,2,1,3,2,0,1176.30815772609,10,9
2400693,77,22,1-77-2024-022-NM2,22,1,1,43,152,77,1,8,1,1,2,3,3,2,0,426.24158292944,9,9
2400684,59,25,1-59-2024-025-NM2,22,1,1,60,152,50,2,8,1,1,2,3,9,7,9,264.2527724963,6,9
2400830,77,27,1-77-2024-027-NM2,22,1,1,54,999,999,2,8,1,9,9,9,3,2,0,330.223105550016,9,9
2400831,77,28,1-77-2024-028-NM2,22,1,1,44,999,999,1,8,1,9,9,9,3,2,0,330.223105550016,9,9
2400846,82,22,1-82-2024-022-NM2,22,1,1,20,175,59,1,8,1,2,2,0,3,2,0,774.715121583303,1,9
2400884,14,13,1-14-2024-013-NM2,22,1,1,40,999,999,1,8,1,9,1,9,3,2,0,678.185114701579,8,9
2400847,82,23,1-82-2024-023-NM2,22,1,1,51,999,999,2,8,1,9,9,9,3,2,0,774.715121490359,1,9
2401027,16,33,1-16-2024-033-NM2,22,1,1,72,211,104,1,8,1,2,2,1,8,2,0,439.019791611487,5,9
2401084,77,37,1-77-2024-037-NM2,22,1,1,47,999,999,1,8,1,9,9,9,3,2,0,297.636915073691,9,9
2401085,77,38,1-77-2024-038-NM2,22,1,1,78,999,999,1,8,1,9,9,9,3,2,0,297.636915073691,9,9
2401143,30,39,1-30-2024-039-NM2,22,1,1,31,999,999,2,8,1,9,9,9,3,7,9,269.894765505706,10,9
2401183,22,34,1-22-2024-034-NM2,22,1,1,37,180,84,1,8,1,1,2,0,8,2,0,24.4305122731702,12,9
2401198,13,30,1-13-2024-030-NM2,22,1,1,76,170,73,1,8,1,1,2,0,3,2,0,1161.47481366351,7,9
2401206,31,25,1-31-2024-025-NM2,22,1,1,20,157,66,1,8,1,1,2,0,8,2,0,197.377933176122,6,9
2401286,52,17,1-52-2024-017-NM2,22,1,1,23,999,999,2,8,1,9,9,9,3,2,0,35.2372312111538,12,9
2401324,66,26,1-66-2024-026-NM2,22,1,1,45,183,107,1,8,1,1,2,0,8,2,0,110.074249285118,6,9
2401339,59,43,1-59-2024-043-NM2,22,1,1,22,183,88,1,8,1,7,2,0,9,7,0,260.431399312795,6,9
2401353,10,20,1-10-2024-020-NM2,22,1,1,42,999,999,1,8,1,1,2,9,3,2,0,1035.08583897877,4,9
