CASEID,PSU,CASENO,CASENUMBER,CATEGORY,NMNO,PBTYPE,PBAGE,PBSEX,PEDCTYPE,PEDCGP,PEDLOC,PEDPOS,PEDDIR,MOTDIR,MOTMAN,PEDLEG,PEDSNR,BIKECTYPE,BIKECGP,BIKELOC,BIKEPOS,BIKEDIR,CASEWGT,PSUSTRAT,VERSION
2400448,82,13,1-82-2024-013-NM2,22,1,5,17,1,741,740,3,3,8,8,8,8,8,0,0,7,7,7,387.535062825824,1,9
2400825,10,13,1-10-2024-013-NM1,21,1,5,40,1,230,100,3,3,8,8,8,8,8,0,0,7,7,7,60.5767032793963,4,9
2400514,15,18,1-15-2024-018-NM2,22,1,6,13,1,0,0,7,77,7,7,7,7,7,151,150,1,3,1,48.0070740321826,1,9
2400960,57,19,1-57-2024-019-NM1,21,1,5,36,1,690,990,1,9,9,9,9,9,99,0,0,7,7,7,15.0398443849994,1,9
2400518,26,10,1-26-2024-010-NM2,22,1,6,54,1,0,0,7,77,7,7,7,7,7,180,190,1,3,3,585.861766834301,10,9
2401042,52,13,1-52-2024-013-NM1,21,1,5,28,1,680,990,3,3,8,8,8,8,8,0,0,7,7,7,20.9023614233441,12,9
2400470,30,16,1-30-2024-016-NM2,22,1,6,38,1,0,0,7,77,7,7,7,7,7,132,110,3,3,1,614.931666902505,10,9
2400693,77,22,1-77-2024-022-NM2,22,1,6,52,1,0,0,7,77,7,7,7,7,7,212,210,3,1,1,426.24158292944,9,9
2400830,77,27,1-77-2024-027-NM2,22,1,5,19,1,781,790,1,2,2,2,1,2,11a,0,0,7,7,7,330.223105550016,9,9
2400581,30,18,1-30-2024-018-NM1,21,1,5,32,1,760,750,3,3,8,8,8,8,8,0,0,7,7,7,28.3509494483113,10,9
2400684,59,25,1-59-2024-025-NM2,22,1,5,66,1,781,790,2,3,2,4,1,2,12b,0,0,7,7,7,264.2527724963,6,9
2400820,81,20,1-81-2024-020-NM1,21,1,5,69,1,680,990,3,5,8,8,8,8,8,0,0,7,7,7,29.8109810103183,8,9
2400820,81,20,1-81-2024-020-NM1,21,2,5,72,1,680,990,3,5,8,8,8,8,8,0,0,7,7,7,29.8109810103183,8,9
2400447,67,5,1-67-2024-005-NM2,22,1,6,13,2,0,0,7,77,7,7,7,7,7,157,158,1,3,1,483.798087598719,7,9
2400652,22,18,1-22-2024-018-NM2,22,1,5,14,1,741,740,1,1,3,2,3,2,3a,0,0,7,7,7,29.4805146666259,12,9
2400630,69,11,1-69-2024-011-NM1,21,1,5,19,1,741,740,3,3,8,8,8,8,8,0,0,7,7,7,7.66811372485411,8,9
2404084,69,91,1-69-2024-091-NM2,22,1,5,15,1,760,750,2,1,2,3,3,1,2b,0,0,7,7,7,98.6054556454264,8,9
2404711,25,125,1-25-2024-125-NM1,21,1,6,31,1,0,0,7,77,7,7,7,7,7,225,290,3,3,3,55.4169403670828,2,9
2404371,22,130,1-22-2024-130-NM2,22,1,6,17,2,0,0,7,77,7,7,7,7,7,141,140,1,3,2,24.4305122731702,12,9
2404053,10,70,1-10-2024-070-NM1,21,1,5,32,1,910,910,3,3,8,8,8,8,8,0,0,7,7,7,31.3806248143146,4,9
2404755,22,143,1-22-2024-143-NM2,22,1,6,23,1,0,0,7,77,7,7,7,7,7,213,215,3,3,1,85.2845477308788,12,9
2404267,15,171,1-15-2024-171-NM2,22,1,6,25,1,0,0,7,77,7,7,7,7,7,122,110,1,1,1,27.5756522213656,1,9
2404482,82,121,1-82-2024-121-NM2,22,1,5,40,1,781,790,1,2,3,1,1,2,11b,0,0,7,7,7,375.053029592921,1,9
2404218,24,120,1-24-2024-120-NM2,22,1,11,23,2,690,990,1,3,9,2,3,1,2d,0,0,7,7,7,253.744000679976,1,9
2404587,25,122,1-25-2024-122-NM2,22,1,6,21,2,0,0,7,77,7,7,7,7,7,213,215,1,2,1,117.391789482128,2,9
2404169,16,111,1-16-2024-111-NM2,22,1,6,40,1,0,0,7,77,7,7,7,7,7,213,215,1,2,1,253.20495381158,5,9
2404569,18,121,1-18-2024-121-NM2,22,1,6,30,1,0,0,7,77,7,7,7,7,7,143,140,1,3,1,142.413843051628,6,9
2404328,16,114,1-16-2024-114-NM1,21,1,5,15,2,150,100,3,5,8,8,8,8,8,0,0,7,7,7,55.2220906459898,5,9
2404502,31,95,1-31-2024-095-NM2,22,1,6,30,2,0,0,7,77,7,7,7,7,7,221,220,3,1,1,343.437603726452,6,9
2402289,81,47,1-81-2024-047-NM1,21,1,5,57,1,140,100,3,4,8,8,8,8,8,0,0,7,7,7,30.4851567966787,8,9
2404933,33,96,1-33-2024-096-NM2,22,1,5,63,1,760,750,1,2,3,4,3,2,3b,0,0,7,7,7,151.096542186302,12,9
2404374,29,60,1-29-2024-060-NM1,21,1,5,62,2,741,740,3,3,8,8,8,8,8,0,0,7,7,7,40.3751173333703,2,9
2404827,25,127,1-25-2024-127-NM1,21,1,5,59,1,890,800,4,7,8,8,8,8,8,0,0,7,7,7,46.3961698932894,2,9
2405594,27,174,1-27-2024-174-NM2,22,2,5,46,2,770,750,1,2,4,1,3,2,3b,0,0,7,7,7,41.6395308351094,3,9
2405551,33,106,1-33-2024-106-NM1,21,1,5,11,2,410,400,3,3,8,8,8,8,8,0,0,7,7,7,41.0900179301514,12,9
2405578,32,150,1-32-2024-150-NM1,21,1,5,49,1,459,400,3,3,8,8,8,8,8,0,0,7,7,7,61.8412176679644,7,9
2405276,77,169,1-77-2024-169-NM1,21,3,5,0,2,741,740,1,3,4,1,3,1,2b,0,0,7,7,7,113.21347390618,9,9
2405276,77,169,1-77-2024-169-NM1,21,4,5,38,2,742,740,1,3,4,1,3,1,2b,0,0,7,7,7,113.21347390618,9,9
2405677,69,143,1-69-2024-143-NM1,21,1,5,59,2,742,740,3,3,8,8,8,8,8,0,0,7,7,7,7.66811372485411,8,9
2405677,69,143,1-69-2024-143-NM1,21,2,5,57,1,742,740,3,3,8,8,8,8,8,0,0,7,7,7,7.66811372485411,8,9
2405843,11,178,1-11-2024-178-NM2,22,1,6,58,1,0,0,7,77,7,7,7,7,7,219,290,2,1,3,142.256664296033,8,9
2405728,82,162,1-82-2024-162-NM1,21,1,5,29,1,760,750,3,3,8,8,8,8,8,0,0,7,7,7,25.4374322287382,1,9
2406239,57,194,1-57-2024-194-NM1,21,1,5,37,2,150,100,1,5,9,4,3,2,4d,0,0,7,7,7,19.2604769426058,1,9
2405856,82,164,1-82-2024-164-NM1,21,1,5,73,1,770,750,1,2,4,3,3,2,3a,0,0,7,7,7,141.753382777396,1,9
2405854,29,101,1-29-2024-101-NM2,22,1,5,57,1,741,740,1,2,2,3,2,1,5b,0,0,7,7,7,1234.79079181352,2,9
2405998,20,141,1-20-2024-141-NM1,21,1,5,22,1,140,100,3,3,8,8,8,8,8,0,0,7,7,7,35.0220589332575,11,9
2405972,21,146,1-21-2024-146-NM1,21,1,5,28,1,230,100,3,4,8,8,8,8,8,0,0,7,7,7,9.08918343004306,11,9
2405941,11,180,1-11-2024-180-NM2,22,1,5,9,2,312,310,3,3,8,8,8,8,8,0,0,7,7,7,2346.62012709175,8,9
2405846,15,225,1-15-2024-225-NM2,22,1,6,35,1,0,0,7,77,7,7,7,7,7,155,158,2,1,1,31.8783964598429,1,9
2406207,22,188,1-22-2024-188-NM2,22,1,5,67,2,781,790,1,2,4,2,1,2,11b,0,0,7,7,7,24.4305122731702,12,9
2401036,32,34,1-32-2024-034-NM1,21,1,5,35,1,140,100,3,4,8,8,8,8,8,0,0,7,7,7,15.678814367208,7,9
2400662,26,13,1-26-2024-013-NM2,22,1,5,71,1,791,790,1,2,1,1,2,2,7a,0,0,7,7,7,1176.30815772609,10,9
2401286,52,17,1-52-2024-017-NM2,22,1,5,84,2,213,200,3,3,8,8,8,8,8,0,0,7,7,7,35.2372312111538,12,9
2400847,82,23,1-82-2024-023-NM2,22,1,5,61,2,190,100,3,4,8,8,8,8,8,0,0,7,7,7,774.715121490359,1,9
2400683,59,24,1-59-2024-024-NM1,21,1,5,20,2,781,790,1,2,2,4,1,2,11b,0,0,7,7,7,62.3822922049643,6,9
2400678,11,18,1-11-2024-018-NM1,21,1,5,72,1,760,750,2,3,1,4,3,1,2a,0,0,7,7,7,37.1071357763572,8,9
2400729,32,21,1-32-2024-021-NM1,21,1,5,20,1,230,100,3,3,8,8,8,8,8,0,0,7,7,7,10.924164677076,7,9
2400884,14,13,1-14-2024-013-NM2,22,1,5,92,1,410,400,3,3,8,8,8,8,8,0,0,7,7,7,678.185114701579,8,9
2400923,21,22,1-21-2024-022-NM1,21,1,5,38,2,760,750,2,3,4,1,3,2,4b,0,0,7,7,7,12.4076963253184,11,9
2401535,12,28,1-12-2024-028-NM2,22,1,6,27,1,0,0,7,77,7,7,7,7,7,155,158,1,3,1,249.68170357321,9,9
2401324,66,26,1-66-2024-026-NM2,22,1,5,38,2,410,400,3,3,8,8,8,8,8,0,0,7,7,7,110.074249285118,6,9
2401146,20,28,1-20-2024-028-NM1,21,1,5,20,2,680,990,3,4,8,8,8,8,8,0,0,7,7,7,43.971490849978,11,9
2401146,20,28,1-20-2024-028-NM1,21,2,5,24,2,680,990,3,4,8,8,8,8,8,0,0,7,7,7,43.971490849978,11,9
2401183,22,34,1-22-2024-034-NM2,22,1,5,69,1,770,750,2,2,2,3,3,2,3b,0,0,7,7,7,24.4305122731702,12,9
2401113,13,28,1-13-2024-028-NM1,21,1,5,60,1,410,400,3,5,8,8,8,8,8,0,0,7,7,7,14.5007405645646,7,9
2401053,27,34,1-27-2024-034-NM2,22,1,5,68,2,160,100,3,3,8,8,8,8,8,0,0,7,7,7,32.7871735473087,3,9
2401592,28,42,1-28-2024-042-NM2,22,1,5,42,2,770,750,1,2,3,2,3,1,1a,0,0,7,7,7,37.9334438090452,3,9
2401198,13,30,1-13-2024-030-NM2,22,1,5,22,1,770,750,3,2,8,8,8,8,8,0,0,7,7,7,1161.47481366351,7,9
2404828,25,128,1-25-2024-128-NM1,21,1,5,57,1,760,750,3,3,8,8,8,8,8,0,0,7,7,7,46.3961698932894,2,9
2404902,57,145,1-57-2024-145-NM2,22,1,6,55,1,0,0,7,77,7,7,7,7,7,214,215,1,3,3,184.840196410829,1,9
2404946,60,72,1-60-2024-072-NM1,21,1,5,50,1,760,750,3,3,8,8,8,8,8,0,0,7,7,7,43.22330010499,8,9
2404607,26,111,1-26-2024-111-NM1,21,1,5,89,1,150,100,3,5,8,8,8,8,8,0,0,7,7,7,76.6867213232,10,9
2405047,33,97,1-33-2024-097-NM1,21,1,5,23,2,760,750,3,3,8,8,8,8,8,0,0,7,7,7,55.4261582929793,12,9
2404463,14,82,1-14-2024-082-NM2,22,1,12,16,1,760,750,2,1,9,3,3,1,2d,0,0,7,7,7,398.655902879135,8,9
2404542,10,84,1-10-2024-084-NM2,22,1,5,52,2,320,350,3,3,8,8,8,8,8,0,0,7,7,7,303.372657865986,4,9
2404449,11,136,1-11-2024-136-NM1,21,1,5,68,2,760,750,3,3,8,8,8,8,8,0,0,7,7,7,37.1071357763572,8,9
2405042,18,126,1-18-2024-126-NM2,22,1,5,37,1,461,460,3,5,8,8,8,8,8,0,0,7,7,7,352.555780341459,6,9
2404906,77,155,1-77-2024-155-NM1,21,1,5,64,2,770,750,1,2,2,3,3,2,3b,0,0,7,7,7,113.21347390618,9,9
2404652,30,158,1-30-2024-158-NM2,22,1,13,22,1,781,790,1,2,3,1,1,2,11b,0,0,7,7,7,415.467981801604,10,9
2404650,82,126,1-82-2024-126-NM2,22,1,5,11,1,742,740,2,3,3,4,3,2,4b,0,0,7,7,7,272.240647923415,1,9
2404955,16,122,1-16-2024-122-NM1,21,1,5,16,2,680,990,3,5,8,8,8,8,8,0,0,7,7,7,20.5106500164933,5,9
2405381,22,165,1-22-2024-165-NM2,22,1,11,19,2,770,750,3,2,8,8,8,8,8,0,0,7,7,7,86.2407444911639,12,9
2405527,48,179,1-48-2024-179-NM1,21,1,5,30,1,190,100,3,4,8,8,8,8,8,0,0,7,7,7,85.8427679861707,12,9
2405120,22,154,1-22-2024-154-NM2,22,1,6,17,1,0,0,7,77,7,7,7,7,7,223,225,3,1,1,64.1408737687855,12,9
2405560,57,173,1-57-2024-173-NM2,22,1,5,65,1,741,740,1,2,4,4,1,2,11a,0,0,7,7,7,166.164473508738,1,9
2405096,32,144,1-32-2024-144-NM1,21,1,5,39,1,741,740,3,3,8,8,8,8,8,0,0,7,7,7,65.0700959465246,7,9
2405242,17,171,1-17-2024-171-NM2,22,1,5,12,1,770,750,1,2,4,3,3,2,3a,0,0,7,7,7,85.8489914277837,4,9
2405047,33,97,1-33-2024-097-NM1,21,2,5,23,3,760,750,3,3,8,8,8,8,8,0,0,7,7,7,55.4261582929793,12,9
2405069,11,151,1-11-2024-151-NM1,21,1,5,68,2,130,100,2,3,9,3,9,1,99,0,0,7,7,7,37.1071357763572,8,9
2405111,15,197,1-15-2024-197-NM2,22,1,5,17,2,781,790,1,2,4,4,1,2,11a,0,0,7,7,7,69.3276767334112,1,9
2405570,25,151,1-25-2024-151-NM2,22,1,5,58,2,781,790,1,2,1,3,1,2,11b,0,0,7,7,7,362.735522403193,2,9
2405648,14,114,1-14-2024-114-NM1,21,1,5,999,1,910,910,3,3,8,8,8,8,8,0,0,7,7,7,89.7759087557985,8,9
2405303,30,179,1-30-2024-179-NM2,22,1,6,43,1,0,0,7,77,7,7,7,7,7,329,320,3,2,2,503.501583789456,10,9
2405105,27,160,1-27-2024-160-NM2,22,1,6,41,1,0,0,7,77,7,7,7,7,7,212,210,1,1,1,35.0197990149152,3,9
2405228,82,149,1-82-2024-149-NM2,22,1,5,21,1,781,790,1,2,1,3,1,2,11b,0,0,7,7,7,530.041651146454,1,9
2405428,20,129,1-20-2024-129-NM1,21,1,5,62,1,140,100,2,5,9,4,1,1,10d,0,0,7,7,7,35.0220589332575,11,9
2406281,52,63,1-52-2024-063-NM2,22,1,12,15,1,770,750,1,2,2,3,2,1,5b,0,0,7,7,7,99.7929570162416,12,9
2406343,11,191,1-11-2024-191-NM1,21,1,6,21,1,0,0,7,77,7,7,7,7,7,231,230,3,1,1,37.1071357763572,8,9
2404276,81,106,1-81-2024-106-NM1,21,1,5,45,1,760,750,2,3,9,4,3,2,4c,0,0,7,7,7,34.7221032435964,8,9
2405977,26,132,1-26-2024-132-NM1,21,1,5,8,1,230,100,3,4,8,8,8,8,8,0,0,7,7,7,29.2426811637843,10,9
2405977,26,132,1-26-2024-132-NM1,21,2,5,9,2,230,100,3,4,8,8,8,8,8,0,0,7,7,7,29.2426811637843,10,9
2406065,79,118,1-79-2024-118-NM1,21,1,5,39,1,690,990,2,3,9,1,3,1,2d,0,0,7,7,7,131.970085856043,8,9
2405961,32,156,1-32-2024-156-NM1,21,1,5,49,2,781,790,1,2,4,2,1,2,11b,0,0,7,7,7,64.9248984713776,7,9
2406110,22,186,1-22-2024-186-NM2,22,1,6,25,1,0,0,7,77,7,7,7,7,7,239,230,3,1,1,94.6557465142525,12,9
2406292,22,191,1-22-2024-191-NM2,22,1,5,25,2,680,990,3,3,8,8,8,8,8,0,0,7,7,7,24.4305122731702,12,9
2405993,29,104,1-29-2024-104-NM1,21,1,11,70,1,781,790,1,2,4,2,1,2,11b,0,0,7,7,7,46.066249775962,2,9
2405968,29,102,1-29-2024-102-NM1,21,1,5,53,2,150,100,3,5,8,8,8,8,8,0,0,7,7,7,46.066249775962,2,9
2406202,26,134,1-26-2024-134-NM1,21,1,5,35,1,140,100,3,5,8,8,8,8,8,0,0,7,7,7,112.32218986867,10,9
2406202,26,134,1-26-2024-134-NM1,21,2,5,5,1,140,100,3,5,8,8,8,8,8,0,0,7,7,7,112.32218986867,10,9
2406347,32,163,1-32-2024-163-NM1,21,1,5,44,1,760,750,2,3,2,1,3,1,2a,0,0,7,7,7,47.5537279263516,7,9
2405987,15,233,1-15-2024-233-NM2,22,1,5,28,1,781,790,1,2,4,4,1,2,11a,0,0,7,7,7,32.4789185953742,1,9
2406352,26,138,1-26-2024-138-NM1,21,1,5,67,1,760,750,3,3,8,8,8,8,8,0,0,7,7,7,89.692806404866,10,9
2406091,32,158,1-32-2024-158-NM1,21,1,5,53,1,410,400,3,3,8,8,8,8,8,0,0,7,7,7,128.080968764564,7,9
2401198,13,30,1-13-2024-030-NM2,22,2,5,23,1,770,750,3,2,8,8,8,8,8,0,0,7,7,7,1161.47481366351,7,9
2401724,22,52,1-22-2024-052-NM2,22,1,5,35,1,781,790,1,2,2,4,1,2,11b,0,0,7,7,7,30.6635507189318,12,9
2401297,27,43,1-27-2024-043-NM1,21,1,6,15,1,0,0,7,77,7,7,7,7,7,144,145,1,1,3,20.2398432682456,3,9
2401016,24,22,1-24-2024-022-NM1,21,1,5,81,1,410,400,2,4,9,2,3,2,4d,0,0,7,7,7,81.6170730667138,1,9
2401143,30,39,1-30-2024-039-NM2,22,1,6,37,1,0,0,7,77,7,7,7,7,7,151,150,1,3,3,269.894765505706,10,9
2401250,30,41,1-30-2024-041-NM1,21,1,6,38,1,0,0,7,77,7,7,7,7,7,151,150,1,3,3,28.3509494483113,10,9
2401306,26,31,1-26-2024-031-NM1,21,1,5,69,2,760,750,3,3,8,8,8,8,8,0,0,7,7,7,25.7030205312635,10,9
2401180,32,41,1-32-2024-041-NM1,21,1,5,19,2,910,910,3,3,8,8,8,8,8,0,0,7,7,7,15.2268214619951,7,9
2401800,60,18,1-60-2024-018-NM1,21,1,5,51,2,760,750,1,2,3,4,3,2,3b,0,0,7,7,7,135.73456108388,8,9
2401179,32,40,1-32-2024-040-NM1,21,1,5,58,1,230,100,3,3,8,8,8,8,8,0,0,7,7,7,15.2268214619951,7,9
2400815,23,13,1-23-2024-013-NM1,21,1,5,24,1,190,100,3,3,8,8,8,8,8,0,0,7,7,7,75.3524398717664,5,9
2401098,10,16,1-10-2024-016-NM1,21,1,5,25,2,160,100,2,3,9,3,3,1,2c,0,0,7,7,7,31.3806248143146,4,9
2401098,10,16,1-10-2024-016-NM1,21,2,5,24,2,610,600,2,3,9,3,3,1,2c,0,0,7,7,7,31.3806248143146,4,9
2401755,81,34,1-81-2024-034-NM1,21,1,5,34,1,760,750,3,3,8,8,8,8,8,0,0,7,7,7,46.909790827141,8,9
2401718,21,32,1-21-2024-032-NM2,22,1,5,62,1,440,400,3,3,8,8,8,8,8,0,0,7,7,7,2513.96756463306,11,9
2401489,59,49,1-59-2024-049-NM2,22,1,5,26,1,900,990,9,3,8,8,8,8,8,0,0,7,7,7,122.869992801552,6,9
2401750,57,33,1-57-2024-033-NM1,21,1,5,40,1,742,740,3,3,8,8,8,8,8,0,0,7,7,7,38.5305215581579,1,9
2401442,26,39,1-26-2024-039-NM1,21,1,5,18,1,140,100,3,3,8,8,8,8,8,0,0,7,7,7,25.7030205312635,10,9
2401453,22,45,1-22-2024-045-NM2,22,1,6,48,1,0,0,7,77,7,7,7,7,7,114,110,2,1,3,29.8393033504253,12,9
2401793,20,53,1-20-2024-053-NM2,22,1,6,41,2,0,0,7,77,7,7,7,7,7,910,910,4,4,9,172.732860679058,11,9
2400831,77,28,1-77-2024-028-NM2,22,1,5,21,2,770,750,3,2,8,8,8,8,8,0,0,7,7,7,330.223105550016,9,9
2401027,16,33,1-16-2024-033-NM2,22,1,5,25,2,760,750,2,3,3,4,3,1,2b,0,0,7,7,7,439.019791611487,5,9
2401027,16,33,1-16-2024-033-NM2,22,2,5,7,1,760,750,2,3,3,4,3,1,2b,0,0,7,7,7,439.019791611487,5,9
2400832,77,29,1-77-2024-029-NM1,21,1,5,59,1,760,750,2,3,3,2,3,1,2a,0,0,7,7,7,113.21347390618,9,9
2401481,77,50,1-77-2024-050-NM2,22,1,5,23,1,781,790,1,2,1,3,1,2,11b,0,0,7,7,7,306.910106229355,9,9
2401715,26,45,1-26-2024-045-NM2,22,1,6,7,2,0,0,7,77,7,7,7,7,7,160,190,1,1,3,339.064613159241,10,9
2401788,69,33,1-69-2024-033-NM1,21,1,5,51,1,760,750,3,3,8,8,8,8,8,0,0,7,7,7,7.66811372485411,8,9
2402153,81,44,1-81-2024-044-NM2,22,1,5,52,1,760,750,2,3,2,3,3,1,2b,0,0,7,7,7,2513.96756463306,8,9
2402090,16,59,1-16-2024-059-NM1,21,1,5,32,1,341,340,1,2,4,1,3,1,1b,0,0,7,7,7,19.3635256654646,5,9
2401842,22,56,1-22-2024-056-NM2,22,1,6,22,1,0,0,7,77,7,7,7,7,7,143,140,2,3,2,24.4305122731702,12,9
2401353,10,20,1-10-2024-020-NM2,22,1,6,59,1,0,0,7,77,7,7,7,7,7,144,145,1,3,3,1035.08583897877,4,9
2401980,26,53,1-26-2024-053-NM2,22,1,6,18,1,0,0,7,77,7,7,7,7,7,148,190,1,2,2,326.204869245419,10,9
2401339,59,43,1-59-2024-043-NM2,22,1,6,62,1,0,0,7,77,7,7,7,7,7,144,145,1,1,3,260.431399312795,6,9
2401665,24,37,1-24-2024-037-NM2,22,1,5,69,1,150,100,3,5,8,8,8,8,8,0,0,7,7,7,87.1884768897586,1,9
2401487,59,47,1-59-2024-047-NM2,22,1,6,9,2,0,0,7,77,7,7,7,7,7,280,290,2,9,1,122.869992801552,6,9
2404592,11,140,1-11-2024-140-NM1,21,1,5,27,1,741,740,3,3,8,8,8,8,8,0,0,7,7,7,37.1071357763572,8,9
2405074,16,123,1-16-2024-123-NM1,21,1,5,27,1,150,100,4,7,8,8,8,8,8,0,0,7,7,7,43.3211199928482,5,9
2405167,57,157,1-57-2024-157-NM1,21,1,5,20,1,710,720,3,3,8,8,8,8,8,0,0,7,7,7,19.2604769426058,1,9
2404582,24,129,1-24-2024-129-NM1,21,1,5,33,2,760,750,3,3,8,8,8,8,8,0,0,7,7,7,23.1726143074507,1,9
2404700,69,110,1-69-2024-110-NM1,21,1,6,21,1,0,0,7,77,7,7,7,7,7,250,258,3,1,2,7.66811372485411,8,9
2404760,32,138,1-32-2024-138-NM1,21,1,5,52,1,741,740,3,3,8,8,8,8,8,0,0,7,7,7,41.8806863445024,7,9
2404887,17,158,1-17-2024-158-NM2,22,1,6,10,1,0,0,7,77,7,7,7,7,7,144,145,1,1,1,62.2469031035836,4,9
2404890,30,167,1-30-2024-167-NM2,22,1,6,74,1,0,0,7,77,7,7,7,7,7,357,310,3,1,3,814.767720370494,10,9
2404886,22,148,1-22-2024-148-NM2,22,1,6,19,1,0,0,7,77,7,7,7,7,7,311,310,3,1,3,35.1496027167127,12,9
2404707,11,143,1-11-2024-143-NM2,22,1,5,66,1,410,400,1,3,9,1,3,1,2d,0,0,7,7,7,2037.79059287364,8,9
2405355,67,48,1-67-2024-048-NM2,22,1,7,30,1,0,0,7,77,7,7,7,7,7,231,230,3,1,1,466.844383438263,7,9
2404706,11,142,1-11-2024-142-NM1,21,1,6,47,1,0,0,7,77,7,7,7,7,7,232,230,3,1,1,37.1071357763572,8,9
2404924,12,94,1-12-2024-094-NM1,21,1,6,36,1,0,0,7,77,7,7,7,7,7,231,230,3,1,1,263.286057296844,9,9
2404970,20,120,1-20-2024-120-NM1,21,1,5,65,2,781,790,1,2,4,4,1,2,11a,0,0,7,7,7,42.5846152120555,11,9
2401773,33,29,1-33-2024-029-NM2,22,1,5,32,1,440,400,3,3,8,8,8,8,8,0,0,7,7,7,84.6784527844662,12,9
2402344,16,69,1-16-2024-069-NM1,21,1,5,51,2,760,750,3,3,8,8,8,8,8,0,0,7,7,7,26.1808531062603,5,9
2401844,26,46,1-26-2024-046-NM1,21,1,5,31,1,140,100,2,5,9,4,3,9,99,0,0,7,7,7,25.7030205312635,10,9
2401862,30,62,1-30-2024-062-NM2,22,1,6,51,2,0,0,7,77,7,7,7,7,7,151,150,1,3,3,511.59271785067,10,9
2401615,59,51,1-59-2024-051-NM2,22,1,6,58,1,0,0,7,77,7,7,7,7,7,322,320,3,1,2,173.711917950995,6,9
2402161,62,56,1-62-2024-056-NM1,21,1,6,41,2,0,0,7,77,7,7,7,7,7,222,220,3,1,1,60.6701620601723,7,9
2401459,15,57,1-15-2024-057-NM2,22,1,5,71,2,781,790,1,2,1,3,1,2,11b,0,0,7,7,7,62.2950385720824,1,9
2401812,24,43,1-24-2024-043-NM1,21,1,5,51,1,760,750,3,3,8,8,8,8,8,0,0,7,7,7,23.1726143074507,1,9
2401085,77,38,1-77-2024-038-NM2,22,1,11,32,2,690,990,1,3,3,4,3,2,4b,0,0,7,7,7,297.636915073691,9,9
2402515,22,71,1-22-2024-071-NM2,22,1,5,38,2,781,790,1,2,4,2,1,2,11b,0,0,7,7,7,85.2845477308788,12,9
2401790,81,35,1-81-2024-035-NM1,21,1,7,23,1,0,0,7,77,7,7,7,7,7,312,310,3,1,1,46.909790827141,8,9
2402106,82,48,1-82-2024-048-NM2,22,1,5,58,1,760,750,3,3,8,8,8,8,8,0,0,7,7,7,217.855164636431,1,9
2402243,15,87,1-15-2024-087-NM2,22,1,5,77,1,760,750,3,3,8,8,8,8,8,0,0,7,7,7,35.7446223566179,1,9
2402625,21,52,1-21-2024-052-NM2,22,1,5,43,1,410,400,3,3,8,8,8,8,8,0,0,7,7,7,1946.80039165077,11,9
2400574,13,13,1-13-2024-013-NM1,21,1,13,33,1,760,750,2,3,1,2,3,2,4b,0,0,7,7,7,16.3827604184312,7,9
2402114,22,63,1-22-2024-063-NM2,22,1,6,15,1,0,0,7,77,7,7,7,7,7,318,310,3,4,3,82.628551642103,12,9
2402080,11,53,1-11-2024-053-NM1,21,1,5,26,1,240,100,3,3,8,8,8,8,8,0,0,7,7,7,37.1071357763572,8,9
2402168,48,72,1-48-2024-072-NM2,22,1,6,13,1,0,0,7,77,7,7,7,7,7,144,145,1,1,2,76.3842355060005,12,9
2402593,57,54,1-57-2024-054-NM2,22,1,5,32,1,760,750,3,3,8,8,8,8,8,0,0,7,7,7,570.311860030331,1,9
2402542,16,78,1-16-2024-078-NM1,21,1,5,21,1,741,740,3,3,8,8,8,8,8,0,0,7,7,7,21.9314980825962,5,9
2402381,27,75,1-27-2024-075-NM2,22,1,6,39,1,0,0,7,77,7,7,7,7,7,213,215,1,2,1,58.8273813617497,3,9
2402738,32,98,1-32-2024-098-NM1,21,1,6,37,1,0,0,7,77,7,7,7,7,7,139,110,3,2,1,72.5717518696977,7,9
2406376,20,151,1-20-2024-151-NM2,22,1,5,22,1,770,750,3,2,8,8,8,8,8,0,0,7,7,7,1093.0659222961,11,9
2405432,69,136,1-69-2024-136-NM1,21,1,5,24,1,230,100,3,4,8,8,8,8,8,0,0,7,7,7,7.66811372485411,8,9
2405420,30,185,1-30-2024-185-NM1,21,1,12,68,1,770,750,1,2,4,3,3,2,3a,0,0,7,7,7,122.593345274421,10,9
2406389,29,113,1-29-2024-113-NM1,21,1,5,14,1,741,740,1,2,4,3,3,1,1a,0,0,7,7,7,107.444469820023,2,9
2405729,82,163,1-82-2024-163-NM2,22,1,11,23,2,781,790,1,1,4,2,1,2,11b,0,0,7,7,7,2077.73112331519,1,9
2406229,81,163,1-81-2024-163-NM1,21,1,5,64,2,230,100,3,3,8,8,8,8,8,0,0,7,7,7,20.2135532866767,8,9
2405722,30,193,1-30-2024-193-NM2,22,1,13,36,1,791,790,1,4,3,3,2,2,8a,0,0,7,7,7,2186.42290292287,10,9
2406323,14,132,1-14-2024-132-NM2,22,1,6,53,1,0,0,7,77,7,7,7,7,7,141,140,1,3,2,464.271661627575,8,9
2405715,76,166,1-76-2024-166-NM1,21,1,5,38,1,140,100,3,9,8,8,8,8,8,0,0,7,7,7,85.5567201400254,3,9
2402288,81,46,1-81-2024-046-NM2,22,1,11,4,1,250,100,3,3,8,8,8,8,8,0,0,7,7,7,2408.08347527868,8,9
2403028,31,63,1-31-2024-063-NM2,22,1,6,54,2,0,0,7,77,7,7,7,7,7,141,140,1,1,1,197.377933176122,6,9
2402304,30,78,1-30-2024-078-NM1,21,1,5,45,2,760,750,1,2,1,4,3,1,1a,0,0,7,7,7,42.5560416047343,10,9
2402956,12,50,1-12-2024-050-NM2,22,1,6,22,1,0,0,7,77,7,7,7,7,7,155,158,1,3,3,639.059715073345,9,9
2402306,30,80,1-30-2024-080-NM2,22,1,6,59,1,0,0,7,77,7,7,7,7,7,211,210,3,1,3,2370.57424915505,10,9
2402307,30,81,1-30-2024-081-NM1,21,1,6,7,1,0,0,7,77,7,7,7,7,7,318,310,3,1,3,70.0679338170937,10,9
2402547,59,79,1-59-2024-079-NM1,21,1,5,45,1,680,990,3,3,8,8,8,8,8,0,0,7,7,7,62.3822922049643,6,9
2402434,30,83,1-30-2024-083-NM2,22,1,6,24,2,0,0,7,77,7,7,7,7,7,160,190,1,1,3,361.666104097377,10,9
2402140,77,71,1-77-2024-071-NM1,21,1,5,33,1,520,500,2,1,4,1,3,2,4b,0,0,7,7,7,113.21347390618,9,9
2402589,33,42,1-33-2024-042-NM2,22,1,6,65,1,0,0,7,77,7,7,7,7,7,232,230,3,2,1,361.093515754961,12,9
2402502,32,90,1-32-2024-090-NM1,21,1,5,43,2,140,100,3,3,8,8,8,8,8,0,0,7,7,7,20.533614820255,7,9
2402702,20,77,1-20-2024-077-NM2,22,1,6,20,1,0,0,7,77,7,7,7,7,7,232,230,3,1,1,87.941289186377,11,9
2402638,82,63,1-82-2024-063-NM2,22,1,5,17,2,741,740,1,1,2,1,3,1,2a,0,0,7,7,7,317.115950685831,1,9
2402692,69,50,1-69-2024-050-NM1,21,1,5,33,1,741,740,3,3,8,8,8,8,8,0,0,7,7,7,7.66811372485411,8,9
2402679,13,64,1-13-2024-064-NM1,21,1,5,37,2,410,400,3,3,8,8,8,8,8,0,0,7,7,7,52.9890988226477,7,9
2402754,26,79,1-26-2024-079-NM2,22,1,13,5,2,250,100,3,5,8,8,8,8,8,0,0,7,7,7,1030.55932741376,10,9
2402755,26,80,1-26-2024-080-NM1,21,1,11,15,1,140,100,2,5,9,3,2,2,8d,0,0,7,7,7,25.7030205312635,10,9
2402696,17,89,1-17-2024-089-NM2,22,1,5,10,1,760,750,2,3,3,2,3,1,2a,0,0,7,7,7,75.2169154133713,4,9
2402535,24,69,1-24-2024-069-NM1,21,1,5,58,1,140,100,3,3,8,8,8,8,8,0,0,7,7,7,23.1726143074507,1,9
2403020,22,90,1-22-2024-090-NM2,22,1,6,8,1,0,0,7,77,7,7,7,7,7,122,110,2,1,2,24.4305122731702,12,9
2402888,15,114,1-15-2024-114-NM2,22,1,6,12,1,0,0,7,77,7,7,7,7,7,211,210,1,3,1,35.5740146987417,1,9
2403102,16,93,1-16-2024-093-NM2,22,1,6,16,1,0,0,7,77,7,7,7,7,7,212,210,3,3,3,346.176563309069,5,9
2402989,32,104,1-32-2024-104-NM1,21,1,5,69,1,140,100,3,5,8,8,8,8,8,0,0,7,7,7,11.6164138708606,7,9
2403440,57,82,1-57-2024-082-NM1,21,1,5,27,1,890,800,4,8,8,8,8,8,8,0,0,7,7,7,13.7201676622522,1,9
2403191,12,53,1-12-2024-053-NM2,22,1,11,80,1,794,790,1,2,1,2,2,1,5b,0,0,7,7,7,279.612696685556,9,9
2401752,13,46,1-13-2024-046-NM2,22,1,6,18,1,0,0,7,77,7,7,7,7,7,280,290,2,1,1,2482.68938093394,7,9
2402661,10,39,1-10-2024-039-NM2,22,1,6,56,1,0,0,7,77,7,7,7,7,7,155,158,1,3,1,340.440602144735,4,9
2402952,30,102,1-30-2024-102-NM1,21,1,5,36,1,140,100,3,4,8,8,8,8,8,0,0,7,7,7,73.645145385009,10,9
2402990,32,105,1-32-2024-105-NM2,22,1,6,51,1,0,0,7,77,7,7,7,7,7,112,110,1,3,3,564.925282878733,7,9
2403003,26,86,1-26-2024-086-NM1,21,1,5,61,2,240,100,1,2,3,4,3,1,1b,0,0,7,7,7,25.7030205312635,10,9
2402995,27,96,1-27-2024-096-NM2,22,1,6,77,2,0,0,7,77,7,7,7,7,7,213,215,1,1,1,45.5428338265018,3,9
2402868,32,101,1-32-2024-101-NM1,21,1,5,8,2,760,750,3,3,8,8,8,8,8,0,0,7,7,7,21.5942405462542,7,9
2402972,11,82,1-11-2024-082-NM1,21,1,5,46,1,741,740,3,3,8,8,8,8,8,0,0,7,7,7,37.1071357763572,8,9
2402767,27,90,1-27-2024-090-NM2,22,1,6,37,1,0,0,7,77,7,7,7,7,7,910,910,4,3,9,33.2945661482558,3,9
2402841,24,79,1-24-2024-079-NM1,21,1,6,62,1,0,0,7,77,7,7,7,7,7,221,220,3,1,1,23.1726143074507,1,9
2403432,62,93,1-62-2024-093-NM2,22,1,5,20,1,690,990,2,3,9,9,3,2,4c,0,0,7,7,7,1033.17136515517,7,9
2402832,69,55,1-69-2024-055-NM1,21,1,5,21,1,760,750,2,3,4,3,3,1,2a,0,0,7,7,7,7.66811372485411,8,9
2404927,54,110,1-54-2024-110-NM1,21,1,5,17,1,230,100,1,1,9,2,3,1,2d,0,0,7,7,7,158.05614243884,9,9
2405218,28,164,1-28-2024-164-NM2,22,1,6,13,1,0,0,7,77,7,7,7,7,7,144,145,1,1,1,142.962485684357,3,9
2404816,30,163,1-30-2024-163-NM2,22,1,12,18,1,781,790,1,2,1,1,1,2,11a,0,0,7,7,7,814.767720332015,10,9
2405007,30,171,1-30-2024-171-NM2,22,1,6,16,1,0,0,7,77,7,7,7,7,7,141,140,1,3,2,699.896518115335,10,9
2404825,24,135,1-24-2024-135-NM2,22,1,6,35,2,0,0,7,77,7,7,7,7,7,212,210,1,1,1,43.9956216097119,1,9
2403218,16,96,1-16-2024-096-NM1,21,1,5,46,2,320,350,2,3,9,2,2,2,8c,0,0,7,7,7,19.3635256654646,5,9
2405266,59,155,1-59-2024-155-NM2,22,1,6,54,2,0,0,7,77,7,7,7,7,7,115,110,1,1,3,265.224171982023,6,9
2404767,81,119,1-81-2024-119-NM1,21,1,5,61,2,140,100,3,5,8,8,8,8,8,0,0,7,7,7,47.7030665360098,8,9
2405495,26,125,1-26-2024-125-NM1,21,1,5,57,2,760,750,3,3,8,8,8,8,8,0,0,7,7,7,26.2657713930828,10,9
2405049,30,174,1-30-2024-174-NM1,21,1,5,34,1,770,750,1,1,1,4,3,1,2a,0,0,7,7,7,35.2170995864478,10,9
2404943,24,137,1-24-2024-137-NM2,22,1,11,57,1,795,790,1,4,3,2,2,1,6a,0,0,7,7,7,103.775968566411,1,9
2405448,60,86,1-60-2024-086-NM1,21,1,5,32,1,410,400,3,3,8,8,8,8,8,0,0,7,7,7,43.22330010499,8,9
2405009,30,172,1-30-2024-172-NM2,22,1,13,19,1,770,750,1,2,1,2,3,1,1b,0,0,7,7,7,699.896518145871,10,9
2405106,27,161,1-27-2024-161-NM2,22,1,11,29,2,770,750,3,2,8,8,8,8,8,0,0,7,7,7,35.0197990231484,3,9
2405238,22,161,1-22-2024-161-NM2,22,1,5,43,1,781,790,1,2,1,1,1,2,11a,0,0,7,7,7,45.2877985053891,12,9
2405234,26,120,1-26-2024-120-NM2,22,1,6,14,1,0,0,7,77,7,7,7,7,7,213,215,3,2,1,2513.96756463306,10,9
2405121,22,155,1-22-2024-155-NM2,22,1,11,26,1,890,800,4,8,8,8,8,8,8,0,0,7,7,7,64.1408737687855,12,9
2402769,21,56,1-21-2024-056-NM1,21,1,5,64,1,459,400,3,3,8,8,8,8,8,0,0,7,7,7,32.5426329002838,11,9
2402571,32,94,1-32-2024-094-NM1,21,1,5,63,1,741,740,2,3,3,4,3,1,2b,0,0,7,7,7,27.5926066558606,7,9
2402228,27,70,1-27-2024-070-NM2,22,1,6,14,1,0,0,7,77,7,7,7,7,7,312,310,3,1,3,30.6673615919684,3,9
2402420,48,79,1-48-2024-079-NM1,21,1,5,22,1,320,350,3,3,8,8,8,8,8,0,0,7,7,7,85.8427679861707,12,9
2402083,24,50,1-24-2024-050-NM1,21,1,5,36,1,742,740,2,3,1,3,1,2,12b,0,0,7,7,7,23.1726143074507,1,9
2402254,26,62,1-26-2024-062-NM1,21,1,5,42,1,770,750,1,2,2,3,3,1,1b,0,0,7,7,7,25.7030205312635,10,9
2402288,81,46,1-81-2024-046-NM2,22,2,11,8,2,250,100,3,3,8,8,8,8,8,0,0,7,7,7,2408.08347527868,8,9
2402124,28,61,1-28-2024-061-NM2,22,1,6,11,1,0,0,7,77,7,7,7,7,7,144,145,1,3,3,37.9334438090452,3,9
2402267,31,43,1-31-2024-043-NM2,22,1,6,16,1,0,0,7,77,7,7,7,7,7,221,220,2,1,1,197.377933176122,6,9
2402260,26,63,1-26-2024-063-NM2,22,1,5,27,2,741,740,2,3,2,3,3,2,4b,0,0,7,7,7,962.578555188656,10,9
2402148,59,67,1-59-2024-067-NM1,21,1,6,28,2,0,0,7,77,7,7,7,7,7,142,145,1,1,3,62.3822922049643,6,9
2402198,11,55,1-11-2024-055-NM1,21,1,5,31,2,140,100,2,5,9,4,3,2,4d,0,0,7,7,7,37.1071357763572,8,9
2402195,79,44,1-79-2024-044-NM2,22,1,6,24,2,0,0,7,77,7,7,7,7,7,232,230,3,1,1,110.555038236303,8,9
2402379,26,68,1-26-2024-068-NM2,22,1,6,56,2,0,0,7,77,7,7,7,7,7,155,158,1,3,3,401.065954850307,10,9
2400611,24,13,1-24-2024-013-NM2,22,1,6,68,1,0,0,7,77,7,7,7,7,7,239,230,2,1,1,147.143075961834,1,9
2402377,15,93,1-15-2024-093-NM2,22,1,5,20,1,465,460,3,3,8,8,8,8,8,0,0,7,7,7,172.627983004139,1,9
2402256,21,45,1-21-2024-045-NM1,21,1,5,24,1,140,100,3,3,8,8,8,8,8,0,0,7,7,7,17.4486412062215,11,9
2400048,60,1,1-60-2024-001-NM2,22,1,5,23,2,770,750,1,2,1,2,2,1,5b,0,0,7,7,7,157.912873387776,8,9
2400050,69,1,1-69-2024-001-NM1,21,1,6,51,1,0,0,7,77,7,7,7,7,7,223,225,3,1,1,7.66811372485411,8,9
2400111,16,3,1-16-2024-003-NM2,22,1,5,44,2,781,790,1,2,1,1,1,2,11a,0,0,7,7,7,1277.06637139415,5,9
2400112,28,2,1-28-2024-002-NM2,22,1,5,83,1,150,100,1,3,9,2,9,1,99,0,0,7,7,7,55.8454658150129,3,9
2400248,22,4,1-22-2024-004-NM2,22,1,6,29,1,0,0,7,77,7,7,7,7,7,151,150,1,3,2,105.99041920132,12,9
2400118,69,3,1-69-2024-003-NM1,21,1,6,54,1,0,0,7,77,7,7,7,7,7,970,990,3,1,2,7.66811372485411,8,9
2400079,59,5,1-59-2024-005-NM2,22,1,5,5,2,342,340,2,1,3,4,3,1,2b,0,0,7,7,7,326.257763636632,6,9
2400052,27,1,1-27-2024-001-NM1,21,2,5,34,1,760,750,1,2,3,2,3,2,3a,0,0,7,7,7,20.5862279366663,3,9
2400052,27,1,1-27-2024-001-NM1,21,1,5,34,2,760,750,1,2,3,2,3,2,3a,0,0,7,7,7,20.5862279366663,3,9
2400488,57,9,1-57-2024-009-NM1,21,1,5,86,1,781,790,1,2,4,2,1,2,11b,0,0,7,7,7,15.1868109907281,1,9
2400619,16,21,1-16-2024-021-NM1,21,1,5,22,1,741,740,2,3,1,2,3,1,2b,0,0,7,7,7,61.8147074429554,5,9
2400625,60,9,1-60-2024-009-NM1,21,1,5,74,1,741,740,1,2,4,1,3,2,3b,0,0,7,7,7,140.53984277194,8,9
2400618,16,20,1-16-2024-020-NM1,21,1,5,56,2,230,100,3,3,8,8,8,8,8,0,0,7,7,7,19.3635256654646,5,9
2400730,32,22,1-32-2024-022-NM1,21,1,5,11,1,680,990,3,3,8,8,8,8,8,0,0,7,7,7,10.9241646727683,7,9
2400096,30,2,1-30-2024-002-NM1,21,1,5,26,1,760,750,1,2,4,3,3,1,1a,0,0,7,7,7,33.6409129061174,10,9
2400846,82,22,1-82-2024-022-NM2,22,1,5,23,1,781,790,1,2,2,4,1,2,11b,0,0,7,7,7,774.715121583303,1,9
2400677,11,17,1-11-2024-017-NM1,21,1,5,57,1,742,740,3,3,8,8,8,8,8,0,0,7,7,7,37.1071357763572,8,9
2403413,81,77,1-81-2024-077-NM1,21,1,5,29,1,150,100,3,3,8,8,8,8,8,0,0,7,7,7,23.4695700092411,8,9
2403157,62,84,1-62-2024-084-NM1,21,1,5,30,2,741,740,1,2,3,2,3,2,3a,0,0,7,7,7,50.4228553346501,7,9
2403157,62,84,1-62-2024-084-NM1,21,2,5,36,1,741,740,1,2,3,2,3,2,3a,0,0,7,7,7,50.4228553346501,7,9
2403641,29,39,1-29-2024-039-NM2,22,1,5,9,2,742,740,3,3,8,8,8,8,8,0,0,7,7,7,381.081668154122,2,9
2403106,32,110,1-32-2024-110-NM1,21,1,5,24,2,781,790,2,1,4,2,1,2,11b,0,0,7,7,7,25.3988337354055,7,9
2403177,13,71,1-13-2024-071-NM1,21,1,5,54,1,760,750,3,3,8,8,8,8,8,0,0,7,7,7,64.2373320511644,7,9
2402975,24,81,1-24-2024-081-NM2,22,1,5,15,1,742,740,3,3,8,8,8,8,8,0,0,7,7,7,262.129476205265,1,9
2403378,16,98,1-16-2024-098-NM1,21,1,5,6,2,742,740,3,3,8,8,8,8,8,0,0,7,7,7,23.4984908001716,5,9
2403275,20,88,1-20-2024-088-NM2,22,1,5,41,2,680,990,3,3,8,8,8,8,8,0,0,7,7,7,204.607683671141,11,9
2402933,77,98,1-77-2024-098-NM1,21,1,5,20,2,742,740,1,2,2,3,3,1,1b,0,0,7,7,7,113.21347390618,9,9
2403715,25,97,1-25-2024-097-NM2,22,1,6,30,1,0,0,7,77,7,7,7,7,7,322,320,3,3,3,209.921679437629,2,9
2403627,26,102,1-26-2024-102-NM2,22,1,6,65,1,0,0,7,77,7,7,7,7,7,213,215,3,2,1,471.653968173224,10,9
2403198,33,54,1-33-2024-054-NM1,21,1,11,16,1,680,990,3,3,8,8,8,8,8,0,0,7,7,7,55.7364737376608,12,9
2403198,33,54,1-33-2024-054-NM1,21,2,11,16,1,680,990,3,3,8,8,8,8,8,0,0,7,7,7,55.7364737376608,12,9
2403048,10,45,1-10-2024-045-NM2,22,1,5,49,1,440,400,3,6,8,8,8,8,8,0,0,7,7,7,461.067694088124,4,9
2403175,10,48,1-10-2024-048-NM2,22,1,6,35,1,0,0,7,77,7,7,7,7,7,113,110,1,3,3,917.555786243938,4,9
2403370,32,117,1-32-2024-117-NM1,21,1,5,28,1,150,100,2,5,9,2,3,2,4d,0,0,7,7,7,24.6793297433215,7,9
2403193,30,111,1-30-2024-111-NM1,21,1,6,74,1,0,0,7,77,7,7,7,7,7,139,110,1,3,3,39.9148366584821,10,9
2405491,22,168,1-22-2024-168-NM2,22,1,12,14,2,781,790,1,2,1,1,1,2,11a,0,0,7,7,7,63.7015832881093,12,9
2404422,33,84,1-33-2024-084-NM1,21,1,11,69,1,770,750,1,2,4,1,3,1,1b,0,0,7,7,7,41.0900179301514,12,9
2404764,33,92,1-33-2024-092-NM2,22,1,5,19,1,741,740,1,2,1,4,3,2,3a,0,0,7,7,7,355.828360472917,12,9
2405156,10,100,1-10-2024-100-NM1,21,1,5,77,2,140,100,1,2,1,2,3,2,3b,0,0,7,7,7,31.3806248143146,4,9
2405134,81,130,1-81-2024-130-NM1,21,1,5,37,2,760,750,3,3,8,8,8,8,8,0,0,7,7,7,32.358742659987,8,9
2405444,17,180,1-17-2024-180-NM2,22,1,5,56,2,794,790,1,2,3,4,2,1,5b,0,0,7,7,7,245.767819800364,4,9
2405276,77,169,1-77-2024-169-NM1,21,1,5,1,2,742,740,1,3,4,1,3,1,2b,0,0,7,7,7,113.21347390618,9,9
2403799,69,82,1-69-2024-082-NM1,21,1,6,47,1,0,0,7,77,7,7,7,7,7,155,158,1,3,3,12.0111452927932,8,9
2405770,57,178,1-57-2024-178-NM2,22,1,5,21,1,770,750,1,2,9,1,3,2,3c,0,0,7,7,7,167.365124450856,1,9
2405263,81,135,1-81-2024-135-NM1,21,1,5,58,1,781,790,1,2,1,1,1,2,11a,0,0,7,7,7,20.6268312285561,8,9
2405574,16,126,1-16-2024-126-NM1,21,1,5,28,2,760,750,1,3,2,1,3,2,4a,0,0,7,7,7,196.102077456907,5,9
2405338,27,166,1-27-2024-166-NM1,21,1,5,18,2,770,750,3,2,8,8,8,8,8,0,0,7,7,7,21.5359551258335,3,9
2405354,29,91,1-29-2024-091-NM2,22,1,6,15,1,0,0,7,77,7,7,7,7,7,213,215,3,1,1,400.603383200049,2,9
2405485,30,188,1-30-2024-188-NM1,21,1,5,19,2,140,100,3,5,8,8,8,8,8,0,0,7,7,7,122.593345242516,10,9
2405316,24,148,1-24-2024-148-NM1,21,1,6,76,1,0,0,7,77,7,7,7,7,7,235,230,3,1,1,23.1726143074507,1,9
2405953,27,183,1-27-2024-183-NM2,22,1,5,76,1,781,790,2,2,4,2,1,2,11b,0,0,7,7,7,130.19869272293,3,9
2405354,29,91,1-29-2024-091-NM2,22,2,6,15,1,0,0,7,77,7,7,7,7,7,213,215,3,1,1,400.603383200049,2,9
2403213,24,89,1-24-2024-089-NM1,21,1,5,79,1,420,400,3,3,8,8,8,8,8,0,0,7,7,7,23.1726143074507,1,9
2403305,10,52,1-10-2024-052-NM1,21,1,5,25,1,190,100,2,5,9,9,9,9,99,0,0,7,7,7,48.5486424740169,4,9
2403849,62,106,1-62-2024-106-NM1,21,1,5,36,2,140,100,3,3,8,8,8,8,8,0,0,7,7,7,41.0383325582026,7,9
2403389,15,132,1-15-2024-132-NM2,22,1,11,20,1,741,740,1,2,3,4,3,1,1b,0,0,7,7,7,43.1774985201338,1,9
2403403,29,33,1-29-2024-033-NM2,22,1,6,45,1,0,0,7,77,7,7,7,7,7,155,158,1,1,3,717.115181555973,2,9
2403524,21,72,1-21-2024-072-NM1,21,1,5,41,2,140,100,3,3,8,8,8,8,8,0,0,7,7,7,9.710167648307,11,9
2403524,21,72,1-21-2024-072-NM1,21,2,5,6,1,140,100,3,4,8,8,8,8,8,0,0,7,7,7,9.710167648307,11,9
2403346,24,92,1-24-2024-092-NM1,21,1,11,62,1,781,790,1,1,2,4,1,2,11b,0,0,7,7,7,23.1726143074507,1,9
2403847,81,94,1-81-2024-094-NM1,21,1,5,72,1,741,740,3,3,8,8,8,8,8,0,0,7,7,7,39.6531790525059,8,9
2402543,25,60,1-25-2024-060-NM1,21,1,5,62,1,760,750,2,3,4,1,3,2,4b,0,0,7,7,7,46.3961698932894,2,9
2403509,82,89,1-82-2024-089-NM2,22,1,5,46,2,794,790,1,2,2,3,2,1,5b,0,0,7,7,7,184.00474438731,1,9
2403576,30,126,1-30-2024-126-NM2,22,1,6,59,1,0,0,7,77,7,7,7,7,7,155,158,1,1,3,516.81832296578,10,9
2401084,77,37,1-77-2024-037-NM2,22,1,13,20,1,410,400,2,4,9,2,2,1,6d,0,0,7,7,7,297.636915073691,9,9
2402376,15,92,1-15-2024-092-NM2,22,1,5,47,1,420,400,1,1,1,2,2,1,6b,0,0,7,7,7,172.627983004139,1,9
2403500,32,122,1-32-2024-122-NM1,21,1,6,27,1,0,0,7,77,7,7,7,7,7,255,258,3,1,1,14.4199310356771,7,9
2403660,10,59,1-10-2024-059-NM2,22,1,6,36,1,0,0,7,77,7,7,7,7,7,144,145,1,1,1,271.413807736263,4,9
2403616,32,123,1-32-2024-123-NM1,21,1,5,65,1,910,910,3,3,8,8,8,8,8,0,0,7,7,7,73.4062485290255,7,9
2403628,26,103,1-26-2024-103-NM2,22,1,6,29,2,0,0,7,77,7,7,7,7,7,231,230,3,1,1,471.653968173224,10,9
2402210,25,53,1-25-2024-053-NM2,22,1,5,45,1,760,750,3,3,8,8,8,8,8,0,0,7,7,7,202.399293704263,2,9
2403963,18,109,1-18-2024-109-NM2,22,1,6,54,1,0,0,7,77,7,7,7,7,7,144,145,1,1,1,178.115957125676,6,9
2403644,21,77,1-21-2024-077-NM2,22,1,6,63,1,0,0,7,77,7,7,7,7,7,141,140,1,1,3,1397.14293235216,11,9
2403550,77,119,1-77-2024-119-NM1,21,1,5,32,1,313,600,3,3,8,8,8,8,8,0,0,7,7,7,113.21347390618,9,9
2403772,81,91,1-81-2024-091-NM1,21,1,5,48,1,760,750,1,2,2,3,3,2,3b,0,0,7,7,7,42.9814225528816,8,9
2403754,21,79,1-21-2024-079-NM1,21,1,6,50,1,0,0,7,77,7,7,7,7,7,214,215,1,3,3,15.3205421761938,11,9
2404051,59,121,1-59-2024-121-NM2,22,1,5,70,2,710,720,3,3,8,8,8,8,8,0,0,7,7,7,778.982106600467,6,9
2403858,77,129,1-77-2024-129-NM1,21,1,6,54,1,0,0,7,77,7,7,7,7,7,212,210,1,2,1,113.21347390618,9,9
2404141,15,165,1-15-2024-165-NM2,22,1,5,52,2,799,790,1,2,9,3,1,9,99,0,0,7,7,7,26.3765495168134,1,9
2403980,66,81,1-66-2024-081-NM2,22,1,5,44,1,410,400,3,3,8,8,8,8,8,0,0,7,7,7,110.074249285118,6,9
2404089,33,76,1-33-2024-076-NM2,22,1,5,30,2,120,100,3,3,8,8,8,8,8,0,0,7,7,7,228.732430580773,12,9
2405352,29,89,1-29-2024-089-NM1,21,1,5,14,2,741,740,3,3,8,8,8,8,8,0,0,7,7,7,37.5008426016573,2,9
2405353,29,90,1-29-2024-090-NM2,22,1,5,73,2,795,790,1,2,4,2,2,2,7b,0,0,7,7,7,400.603383200049,2,9
2405454,11,165,1-11-2024-165-NM1,21,1,5,63,1,760,750,2,3,3,4,3,2,4b,0,0,7,7,7,37.1071357763572,8,9
2405575,11,166,1-11-2024-166-NM2,22,1,5,17,2,770,750,1,2,4,3,3,1,1a,0,0,7,7,7,1994.3486165726,8,9
2405595,52,55,1-52-2024-055-NM2,22,1,6,29,2,0,0,7,77,7,7,7,7,7,151,150,1,3,3,153.764846051201,12,9
2405886,57,185,1-57-2024-185-NM2,22,1,5,64,1,770,750,1,2,4,3,3,1,1a,0,0,7,7,7,382.264183805407,1,9
2401435,32,53,1-32-2024-053-NM1,21,1,5,45,1,680,990,3,4,8,8,8,8,8,0,0,7,7,7,17.0813061121433,7,9
2405819,60,98,1-60-2024-098-NM1,21,1,5,58,2,770,750,3,2,8,8,8,8,8,0,0,7,7,7,43.22330010499,8,9
2405849,18,144,1-18-2024-144-NM2,22,1,5,41,1,781,790,1,2,3,1,1,2,11b,0,0,7,7,7,131.063519990856,6,9
2405547,30,189,1-30-2024-189-NM1,21,1,5,12,2,760,750,3,3,8,8,8,8,8,0,0,7,7,7,33.3381262919494,10,9
2405547,30,189,1-30-2024-189-NM1,21,2,5,14,2,760,750,3,3,8,8,8,8,8,0,0,7,7,7,33.3381262919494,10,9
2405394,10,107,1-10-2024-107-NM1,21,1,5,25,1,760,750,1,2,1,2,3,2,3b,0,0,7,7,7,36.1764362071444,4,9
2405730,26,128,1-26-2024-128-NM1,21,1,5,33,1,910,910,3,3,8,8,8,8,8,0,0,7,7,7,26.5232523906936,10,9
2405276,77,169,1-77-2024-169-NM1,21,2,5,3,2,741,740,1,3,4,1,3,1,2b,0,0,7,7,7,113.21347390618,9,9
2405732,29,96,1-29-2024-096-NM1,21,1,5,37,2,140,100,4,8,8,8,8,8,8,0,0,7,7,7,151.12126186189,2,9
2405870,81,152,1-81-2024-152-NM1,21,1,6,58,1,0,0,7,77,7,7,7,7,7,219,290,3,2,1,20.2135532866767,8,9
2405604,29,93,1-29-2024-093-NM1,21,1,5,34,1,741,740,3,3,8,8,8,8,8,0,0,7,7,7,118.587450301321,2,9
2405594,27,174,1-27-2024-174-NM2,22,1,5,55,2,770,750,1,2,4,1,3,2,3b,0,0,7,7,7,41.6395308351094,3,9
2403998,25,103,1-25-2024-103-NM1,21,1,5,33,2,140,100,2,9,9,2,2,2,8d,0,0,7,7,7,55.4169403670828,2,9
2404160,25,110,1-25-2024-110-NM2,22,1,6,66,1,0,0,7,77,7,7,7,7,7,155,158,1,1,1,217.706177804094,2,9
2404182,77,135,1-77-2024-135-NM2,22,1,5,18,1,313,600,1,3,9,1,3,2,4c,0,0,7,7,7,829.004115071482,9,9
2404273,81,103,1-81-2024-103-NM1,21,1,5,50,1,230,100,3,4,8,8,8,8,8,0,0,7,7,7,34.7221032435964,8,9
2404202,52,45,1-52-2024-045-NM1,21,1,5,33,1,760,750,3,3,8,8,8,8,8,0,0,7,7,7,23.3488363699868,12,9
2404235,26,108,1-26-2024-108-NM1,21,1,6,37,1,0,0,7,77,7,7,7,7,7,322,320,3,2,1,41.696402482386,10,9
2404179,60,59,1-60-2024-059-NM1,21,1,5,23,1,742,740,3,3,8,8,8,8,8,0,0,7,7,7,43.22330010499,8,9
2403886,24,109,1-24-2024-109-NM1,21,1,5,84,1,140,100,2,5,9,4,3,2,4d,0,0,7,7,7,23.1726143074507,1,9
2403877,17,122,1-17-2024-122-NM2,22,1,5,49,2,781,790,1,2,3,1,1,2,11b,0,0,7,7,7,97.286021862156,4,9
2404163,25,113,1-25-2024-113-NM2,22,1,6,26,1,0,0,7,77,7,7,7,7,7,235,230,3,1,1,217.706177804094,2,9
2404029,82,106,1-82-2024-106-NM2,22,1,5,30,2,742,740,3,3,8,8,8,8,8,0,0,7,7,7,313.918669121444,1,9
2404477,27,140,1-27-2024-140-NM2,22,1,6,40,1,0,0,7,77,7,7,7,7,7,213,215,1,2,1,26.6993316813968,3,9
2406391,22,194,1-22-2024-194-NM1,21,2,5,17,2,742,740,1,2,4,1,3,2,3b,0,0,7,7,7,23.3960835753343,12,9
2406391,22,194,1-22-2024-194-NM1,21,1,5,16,2,742,740,1,2,4,1,3,2,3b,0,0,7,7,7,23.3960835753343,12,9
2402620,31,52,1-31-2024-052-NM2,22,1,6,10,9,0,0,7,77,7,7,7,7,7,144,145,1,1,1,197.377933176122,6,9
2406002,81,159,1-81-2024-159-NM1,21,1,5,66,1,150,100,3,5,8,8,8,8,8,0,0,7,7,7,21.098194093673,8,9
2406001,81,158,1-81-2024-158-NM2,22,1,5,15,2,320,350,3,3,8,8,8,8,8,0,0,7,7,7,1666.588526805,8,9
2406132,10,129,1-10-2024-129-NM1,21,1,5,57,2,320,350,3,3,8,8,8,8,8,0,0,7,7,7,31.3806248143146,4,9
2406213,66,121,1-66-2024-121-NM2,22,1,5,17,1,741,740,3,3,8,8,8,8,8,0,0,7,7,7,110.074249285118,6,9
2401206,31,25,1-31-2024-025-NM2,22,1,11,62,1,770,750,1,2,1,2,3,2,3b,0,0,7,7,7,197.377933176122,6,9
2406243,67,57,1-67-2024-057-NM2,22,1,5,53,2,770,750,1,1,4,3,3,1,1a,0,0,7,7,7,280.830811465838,7,9
2405745,22,175,1-22-2024-175-NM2,22,1,6,18,1,0,0,7,77,7,7,7,7,7,213,215,1,3,3,38.9781737548834,12,9
2404658,81,117,1-81-2024-117-NM1,21,1,13,46,2,140,100,2,5,9,2,1,1,10d,0,0,7,7,7,26.5893987350207,8,9
2406194,82,169,1-82-2024-169-NM2,22,1,6,14,1,0,0,7,77,7,7,7,7,7,148,190,1,1,9,291.351098901355,1,9
2406259,30,213,1-30-2024-213-NM1,21,1,5,48,2,760,750,1,2,3,2,3,1,1a,0,0,7,7,7,70.0679338170937,10,9
2406368,20,150,1-20-2024-150-NM2,22,1,5,37,1,620,600,3,3,8,8,8,8,8,0,0,7,7,7,450.978616278898,11,9
2405348,15,204,1-15-2024-204-NM2,22,1,11,21,1,760,750,1,1,9,3,3,2,4d,0,0,7,7,7,95.8031442610112,1,9
2406219,15,242,1-15-2024-242-NM2,22,1,5,30,2,781,790,1,2,1,1,1,2,11a,0,0,7,7,7,30.3797729398406,1,9
2406373,10,131,1-10-2024-131-NM2,22,1,6,12,1,0,0,7,77,7,7,7,7,7,213,215,1,3,1,47.9403529530355,4,9
2404354,12,79,1-12-2024-079-NM2,22,1,6,72,1,0,0,7,77,7,7,7,7,7,280,290,3,1,9,719.957760795501,9,9
2404012,32,127,1-32-2024-127-NM1,21,1,6,14,2,0,0,7,77,7,7,7,7,7,380,190,3,3,3,81.1432128652192,7,9
2404327,16,113,1-16-2024-113-NM1,21,1,5,15,2,150,100,2,5,9,4,3,2,4d,0,0,7,7,7,55.2220906582399,5,9
2404117,24,116,1-24-2024-116-NM2,22,1,6,37,1,0,0,7,77,7,7,7,7,7,970,990,3,1,3,150.695729579903,1,9
2404586,25,121,1-25-2024-121-NM2,22,1,6,999,1,0,0,7,77,7,7,7,7,7,280,290,3,1,1,117.391789482128,2,9
2404311,19,58,1-19-2024-058-NM1,21,1,5,49,1,910,910,3,3,8,8,8,8,8,0,0,7,7,7,58.1964149408969,9,9
2404042,29,53,1-29-2024-053-NM2,22,1,6,72,1,0,0,7,77,7,7,7,7,7,211,210,1,1,1,480.123684005821,2,9
2404100,20,107,1-20-2024-107-NM1,21,1,5,30,2,760,750,3,3,8,8,8,8,8,0,0,7,7,7,44.2957867500321,11,9
2404045,81,98,1-81-2024-098-NM1,21,1,5,48,1,680,990,3,4,8,8,8,8,8,0,0,7,7,7,74.6147978501919,8,9
2404140,15,164,1-15-2024-164-NM2,22,1,5,70,2,341,340,1,2,4,3,3,2,3a,0,0,7,7,7,26.3765495179532,1,9
2404064,73,113,1-73-2024-113-NM2,22,1,6,67,1,0,0,7,77,7,7,7,7,7,239,230,3,2,1,537.853972469241,3,9
